"Raw_df.Date","Raw_df.Station","daily_rainfall"
"1/1/2012","Tuas",0
"2/1/2012","Tuas",2
"3/1/2012","Tuas",0.2
"4/1/2012","Tuas",0
"5/1/2012","Tuas",0
"6/1/2012","Tuas",0
"7/1/2012","Tuas",0
"8/1/2012","Tuas",12.6
"9/1/2012","Tuas",3.6
"10/1/2012","Tuas",1
"11/1/2012","Tuas",0.2
"12/1/2012","Tuas",1.6
"13/1/2012","Tuas",0
"14/1/2012","Tuas",16.4
"15/1/2012","Tuas",0
"16/1/2012","Tuas",0
"17/1/2012","Tuas",0
"18/1/2012","Tuas",0
"19/1/2012","Tuas",0
"20/1/2012","Tuas",6.8
"21/1/2012","Tuas",20.6
"22/1/2012","Tuas",7.4
"23/1/2012","Tuas",8.4
"24/1/2012","Tuas",0
"25/1/2012","Tuas",0
"26/1/2012","Tuas",0
"27/1/2012","Tuas",23.2
"28/1/2012","Tuas",0
"29/1/2012","Tuas",0
"30/1/2012","Tuas",0
"31/1/2012","Tuas",3.6
"1/2/2012","Tuas",0
"2/2/2012","Tuas",7.4
"3/2/2012","Tuas",5.4
"4/2/2012","Tuas",0.2
"5/2/2012","Tuas",1.2
"6/2/2012","Tuas",0
"7/2/2012","Tuas",8.6
"8/2/2012","Tuas",0
"9/2/2012","Tuas",0
"10/2/2012","Tuas",0
"11/2/2012","Tuas",16
"12/2/2012","Tuas",1
"13/2/2012","Tuas",10
"14/2/2012","Tuas",1.4
"15/2/2012","Tuas",0
"16/2/2012","Tuas",0
"17/2/2012","Tuas",0
"18/2/2012","Tuas",3.6
"19/2/2012","Tuas",0
"20/2/2012","Tuas",4.4
"21/2/2012","Tuas",20.2
"22/2/2012","Tuas",8.6
"23/2/2012","Tuas",1.2
"24/2/2012","Tuas",1
"25/2/2012","Tuas",1.6
"26/2/2012","Tuas",55.4
"27/2/2012","Tuas",9.6
"28/2/2012","Tuas",11.8
"29/2/2012","Tuas",0.4
"1/3/2012","Tuas",19
"2/3/2012","Tuas",14.4
"3/3/2012","Tuas",0.6
"4/3/2012","Tuas",0.2
"5/3/2012","Tuas",34.6
"6/3/2012","Tuas",0
"7/3/2012","Tuas",20.6
"8/3/2012","Tuas",10.8
"9/3/2012","Tuas",0
"10/3/2012","Tuas",8.8
"11/3/2012","Tuas",5.8
"12/3/2012","Tuas",0
"13/3/2012","Tuas",31.2
"14/3/2012","Tuas",4.6
"15/3/2012","Tuas",0
"16/3/2012","Tuas",0
"17/3/2012","Tuas",0
"18/3/2012","Tuas",3.6
"19/3/2012","Tuas",0
"20/3/2012","Tuas",0
"21/3/2012","Tuas",0
"22/3/2012","Tuas",0
"23/3/2012","Tuas",0
"24/3/2012","Tuas",0
"25/3/2012","Tuas",64.4
"26/3/2012","Tuas",1.6
"27/3/2012","Tuas",0
"28/3/2012","Tuas",1.2
"29/3/2012","Tuas",0
"30/3/2012","Tuas",64
"31/3/2012","Tuas",3
"1/4/2012","Tuas",12.2
"2/4/2012","Tuas",3.2
"3/4/2012","Tuas",15.8
"4/4/2012","Tuas",0.2
"5/4/2012","Tuas",0
"6/4/2012","Tuas",0.2
"7/4/2012","Tuas",3.8
"8/4/2012","Tuas",30.4
"9/4/2012","Tuas",17
"10/4/2012","Tuas",1
"11/4/2012","Tuas",0
"12/4/2012","Tuas",31.2
"13/4/2012","Tuas",0
"14/4/2012","Tuas",4
"15/4/2012","Tuas",0
"16/4/2012","Tuas",1
"17/4/2012","Tuas",0.2
"18/4/2012","Tuas",0
"19/4/2012","Tuas",12.4
"20/4/2012","Tuas",44.6
"21/4/2012","Tuas",6
"22/4/2012","Tuas",0
"23/4/2012","Tuas",0
"24/4/2012","Tuas",0
"25/4/2012","Tuas",1.4
"26/4/2012","Tuas",0.2
"27/4/2012","Tuas",0.4
"28/4/2012","Tuas",0
"29/4/2012","Tuas",5
"30/4/2012","Tuas",0.6
"1/5/2012","Tuas",0
"2/5/2012","Tuas",13.2
"3/5/2012","Tuas",0
"4/5/2012","Tuas",15.2
"5/5/2012","Tuas",0
"6/5/2012","Tuas",21.6
"7/5/2012","Tuas",4.4
"8/5/2012","Tuas",11.8
"9/5/2012","Tuas",0
"10/5/2012","Tuas",0
"11/5/2012","Tuas",0
"12/5/2012","Tuas",8.6
"13/5/2012","Tuas",0.2
"14/5/2012","Tuas",0
"15/5/2012","Tuas",47.4
"16/5/2012","Tuas",14
"17/5/2012","Tuas",0.4
"18/5/2012","Tuas",0
"19/5/2012","Tuas",0
"20/5/2012","Tuas",18.8
"21/5/2012","Tuas",4.4
"22/5/2012","Tuas",53.6
"23/5/2012","Tuas",0.8
"24/5/2012","Tuas",16.2
"25/5/2012","Tuas",0
"26/5/2012","Tuas",13.6
"27/5/2012","Tuas",0
"28/5/2012","Tuas",0
"29/5/2012","Tuas",0.2
"30/5/2012","Tuas",2.8
"31/5/2012","Tuas",30.6
"1/6/2012","Tuas",0
"2/6/2012","Tuas",2
"3/6/2012","Tuas",0
"4/6/2012","Tuas",0
"5/6/2012","Tuas",1.6
"6/6/2012","Tuas",0.2
"7/6/2012","Tuas",0
"8/6/2012","Tuas",46.8
"9/6/2012","Tuas",1.2
"10/6/2012","Tuas",0
"11/6/2012","Tuas",0
"12/6/2012","Tuas",0
"13/6/2012","Tuas",0
"14/6/2012","Tuas",0
"15/6/2012","Tuas",0
"16/6/2012","Tuas",0
"17/6/2012","Tuas",0
"18/6/2012","Tuas",0
"19/6/2012","Tuas",0
"20/6/2012","Tuas",0
"21/6/2012","Tuas",0
"22/6/2012","Tuas",0
"23/6/2012","Tuas",0
"24/6/2012","Tuas",0
"25/6/2012","Tuas",0
"26/6/2012","Tuas",0
"27/6/2012","Tuas",3.6
"28/6/2012","Tuas",0
"29/6/2012","Tuas",0
"30/6/2012","Tuas",69
"1/7/2012","Tuas",0
"2/7/2012","Tuas",47.2
"3/7/2012","Tuas",14.6
"4/7/2012","Tuas",12.2
"5/7/2012","Tuas",6
"6/7/2012","Tuas",0
"7/7/2012","Tuas",3.2
"8/7/2012","Tuas",0.2
"9/7/2012","Tuas",0
"10/7/2012","Tuas",0
"11/7/2012","Tuas",0
"12/7/2012","Tuas",0
"13/7/2012","Tuas",0
"14/7/2012","Tuas",10.4
"15/7/2012","Tuas",2.2
"16/7/2012","Tuas",19.2
"17/7/2012","Tuas",1.2
"18/7/2012","Tuas",0
"19/7/2012","Tuas",29.6
"20/7/2012","Tuas",0
"21/7/2012","Tuas",0
"22/7/2012","Tuas",0
"23/7/2012","Tuas",0
"24/7/2012","Tuas",0
"25/7/2012","Tuas",0
"26/7/2012","Tuas",0
"27/7/2012","Tuas",0
"28/7/2012","Tuas",11.6
"29/7/2012","Tuas",0
"30/7/2012","Tuas",0
"31/7/2012","Tuas",0
"1/8/2012","Tuas",0.8
"2/8/2012","Tuas",0
"3/8/2012","Tuas",5.4
"4/8/2012","Tuas",0.2
"5/8/2012","Tuas",0
"6/8/2012","Tuas",3.2
"7/8/2012","Tuas",0
"8/8/2012","Tuas",0
"9/8/2012","Tuas",0
"10/8/2012","Tuas",0
"11/8/2012","Tuas",0
"12/8/2012","Tuas",0
"13/8/2012","Tuas",0
"14/8/2012","Tuas",0
"15/8/2012","Tuas",0
"16/8/2012","Tuas",0
"17/8/2012","Tuas",6.4
"18/8/2012","Tuas",0
"19/8/2012","Tuas",0
"20/8/2012","Tuas",0.4
"21/8/2012","Tuas",1.2
"22/8/2012","Tuas",0
"23/8/2012","Tuas",12.4
"24/8/2012","Tuas",0
"25/8/2012","Tuas",0
"26/8/2012","Tuas",2.2
"27/8/2012","Tuas",28.2
"28/8/2012","Tuas",1
"29/8/2012","Tuas",0
"30/8/2012","Tuas",32.6
"31/8/2012","Tuas",12.8
"1/9/2012","Tuas",0
"2/9/2012","Tuas",0
"3/9/2012","Tuas",0
"4/9/2012","Tuas",1.6
"5/9/2012","Tuas",1.2
"6/9/2012","Tuas",0
"7/9/2012","Tuas",0
"8/9/2012","Tuas",49
"9/9/2012","Tuas",3.4
"10/9/2012","Tuas",2
"11/9/2012","Tuas",2.6
"12/9/2012","Tuas",0
"13/9/2012","Tuas",0
"14/9/2012","Tuas",0
"15/9/2012","Tuas",0
"16/9/2012","Tuas",0
"17/9/2012","Tuas",3.6
"18/9/2012","Tuas",0
"19/9/2012","Tuas",0
"20/9/2012","Tuas",8.4
"21/9/2012","Tuas",0
"22/9/2012","Tuas",0
"23/9/2012","Tuas",0
"24/9/2012","Tuas",2.4
"25/9/2012","Tuas",3.2
"26/9/2012","Tuas",0.8
"27/9/2012","Tuas",19
"28/9/2012","Tuas",0
"29/9/2012","Tuas",0
"30/9/2012","Tuas",0
"1/10/2012","Tuas",0
"2/10/2012","Tuas",0.8
"3/10/2012","Tuas",11
"4/10/2012","Tuas",0
"5/10/2012","Tuas",0
"6/10/2012","Tuas",5.6
"7/10/2012","Tuas",28.2
"8/10/2012","Tuas",0.2
"9/10/2012","Tuas",0.6
"10/10/2012","Tuas",0
"11/10/2012","Tuas",0
"12/10/2012","Tuas",0
"13/10/2012","Tuas",0
"14/10/2012","Tuas",72.6
"15/10/2012","Tuas",0
"16/10/2012","Tuas",2.8
"17/10/2012","Tuas",0
"18/10/2012","Tuas",0
"19/10/2012","Tuas",21.8
"20/10/2012","Tuas",0
"21/10/2012","Tuas",38
"22/10/2012","Tuas",1
"23/10/2012","Tuas",0
"24/10/2012","Tuas",1.2
"25/10/2012","Tuas",56
"26/10/2012","Tuas",1.6
"27/10/2012","Tuas",9.8
"28/10/2012","Tuas",0.6
"29/10/2012","Tuas",11.8
"30/10/2012","Tuas",1.4
"31/10/2012","Tuas",0.6
"1/11/2012","Tuas",0
"2/11/2012","Tuas",0
"3/11/2012","Tuas",1.8
"4/11/2012","Tuas",35.8
"5/11/2012","Tuas",0
"6/11/2012","Tuas",0
"7/11/2012","Tuas",47.4
"8/11/2012","Tuas",0
"9/11/2012","Tuas",33.6
"10/11/2012","Tuas",0.2
"11/11/2012","Tuas",0
"12/11/2012","Tuas",11.2
"13/11/2012","Tuas",13.4
"14/11/2012","Tuas",11.2
"15/11/2012","Tuas",1.4
"16/11/2012","Tuas",0
"17/11/2012","Tuas",39.2
"18/11/2012","Tuas",9.8
"19/11/2012","Tuas",5.4
"20/11/2012","Tuas",0
"21/11/2012","Tuas",0
"22/11/2012","Tuas",0.8
"23/11/2012","Tuas",29
"24/11/2012","Tuas",0
"25/11/2012","Tuas",0.4
"26/11/2012","Tuas",0
"27/11/2012","Tuas",0
"28/11/2012","Tuas",26
"29/11/2012","Tuas",6.6
"30/11/2012","Tuas",0
"1/12/2012","Tuas",1.4
"2/12/2012","Tuas",0
"3/12/2012","Tuas",17.8
"4/12/2012","Tuas",3.6
"5/12/2012","Tuas",15
"6/12/2012","Tuas",8.2
"7/12/2012","Tuas",0
"8/12/2012","Tuas",0
"9/12/2012","Tuas",3.6
"10/12/2012","Tuas",38.2
"11/12/2012","Tuas",4.6
"12/12/2012","Tuas",25.8
"13/12/2012","Tuas",9.2
"14/12/2012","Tuas",1.8
"15/12/2012","Tuas",29.4
"16/12/2012","Tuas",17
"17/12/2012","Tuas",24.2
"18/12/2012","Tuas",3.8
"19/12/2012","Tuas",16.8
"20/12/2012","Tuas",0
"21/12/2012","Tuas",11.2
"22/12/2012","Tuas",0
"23/12/2012","Tuas",0.6
"24/12/2012","Tuas",2.2
"25/12/2012","Tuas",0.2
"26/12/2012","Tuas",0
"27/12/2012","Tuas",0
"28/12/2012","Tuas",0.6
"29/12/2012","Tuas",6
"30/12/2012","Tuas",0.2
"31/12/2012","Tuas",65.2
"1/1/2013","Tuas",2.4
"2/1/2013","Tuas",12
"3/1/2013","Tuas",4.2
"4/1/2013","Tuas",2.8
"5/1/2013","Tuas",0
"6/1/2013","Tuas",0
"7/1/2013","Tuas",0
"8/1/2013","Tuas",0.4
"9/1/2013","Tuas",1.8
"10/1/2013","Tuas",0.4
"11/1/2013","Tuas",15.6
"12/1/2013","Tuas",0
"13/1/2013","Tuas",0.2
"14/1/2013","Tuas",22.4
"15/1/2013","Tuas",0.2
"16/1/2013","Tuas",0
"17/1/2013","Tuas",0
"18/1/2013","Tuas",49.6
"19/1/2013","Tuas",14.8
"20/1/2013","Tuas",1.6
"21/1/2013","Tuas",0.2
"22/1/2013","Tuas",0.4
"23/1/2013","Tuas",0
"24/1/2013","Tuas",2.4
"25/1/2013","Tuas",0
"26/1/2013","Tuas",0
"27/1/2013","Tuas",13.2
"28/1/2013","Tuas",0
"29/1/2013","Tuas",0
"30/1/2013","Tuas",0
"31/1/2013","Tuas",0
"1/2/2013","Tuas",0
"2/2/2013","Tuas",0.8
"3/2/2013","Tuas",24
"4/2/2013","Tuas",0.4
"5/2/2013","Tuas",86.6
"6/2/2013","Tuas",32
"7/2/2013","Tuas",46
"8/2/2013","Tuas",44
"9/2/2013","Tuas",1.6
"10/2/2013","Tuas",53.8
"11/2/2013","Tuas",0.2
"12/2/2013","Tuas",1
"13/2/2013","Tuas",1.6
"14/2/2013","Tuas",16
"15/2/2013","Tuas",2
"16/2/2013","Tuas",23.4
"17/2/2013","Tuas",0
"18/2/2013","Tuas",11.8
"19/2/2013","Tuas",1.2
"20/2/2013","Tuas",1.8
"21/2/2013","Tuas",0
"22/2/2013","Tuas",0
"23/2/2013","Tuas",0
"24/2/2013","Tuas",0
"25/2/2013","Tuas",0.8
"26/2/2013","Tuas",15.6
"27/2/2013","Tuas",0
"28/2/2013","Tuas",0
"1/3/2013","Tuas",0
"2/3/2013","Tuas",0.2
"3/3/2013","Tuas",0
"4/3/2013","Tuas",0
"5/3/2013","Tuas",1.6
"6/3/2013","Tuas",0
"7/3/2013","Tuas",23.6
"8/3/2013","Tuas",31.4
"9/3/2013","Tuas",15
"10/3/2013","Tuas",6
"11/3/2013","Tuas",2.4
"12/3/2013","Tuas",0
"13/3/2013","Tuas",2.4
"14/3/2013","Tuas",44.2
"15/3/2013","Tuas",0
"16/3/2013","Tuas",0
"17/3/2013","Tuas",15.8
"18/3/2013","Tuas",0
"19/3/2013","Tuas",0
"20/3/2013","Tuas",0
"21/3/2013","Tuas",0
"22/3/2013","Tuas",0
"23/3/2013","Tuas",0.4
"24/3/2013","Tuas",0
"25/3/2013","Tuas",0.6
"26/3/2013","Tuas",0.2
"27/3/2013","Tuas",0.8
"28/3/2013","Tuas",55.4
"29/3/2013","Tuas",22.6
"30/3/2013","Tuas",3.4
"31/3/2013","Tuas",10.8
"1/4/2013","Tuas",21
"2/4/2013","Tuas",48.4
"3/4/2013","Tuas",3
"4/4/2013","Tuas",0.6
"5/4/2013","Tuas",16.4
"6/4/2013","Tuas",5.2
"7/4/2013","Tuas",0
"8/4/2013","Tuas",18.4
"9/4/2013","Tuas",28
"10/4/2013","Tuas",0
"11/4/2013","Tuas",0
"12/4/2013","Tuas",0
"13/4/2013","Tuas",3.6
"14/4/2013","Tuas",0
"15/4/2013","Tuas",0
"16/4/2013","Tuas",17.2
"17/4/2013","Tuas",1.4
"18/4/2013","Tuas",0.8
"19/4/2013","Tuas",8.4
"20/4/2013","Tuas",1.4
"21/4/2013","Tuas",7.2
"22/4/2013","Tuas",0
"23/4/2013","Tuas",25
"24/4/2013","Tuas",28.2
"25/4/2013","Tuas",24.6
"26/4/2013","Tuas",0.2
"27/4/2013","Tuas",0
"28/4/2013","Tuas",3
"29/4/2013","Tuas",0
"30/4/2013","Tuas",0
"1/5/2013","Tuas",0
"2/5/2013","Tuas",23.8
"3/5/2013","Tuas",9.2
"4/5/2013","Tuas",0
"5/5/2013","Tuas",0.4
"6/5/2013","Tuas",0.4
"7/5/2013","Tuas",11.8
"8/5/2013","Tuas",4.6
"9/5/2013","Tuas",0
"10/5/2013","Tuas",0
"11/5/2013","Tuas",0
"12/5/2013","Tuas",0
"13/5/2013","Tuas",0
"14/5/2013","Tuas",1.2
"15/5/2013","Tuas",20.2
"16/5/2013","Tuas",2.8
"17/5/2013","Tuas",0
"18/5/2013","Tuas",0
"19/5/2013","Tuas",0
"20/5/2013","Tuas",37.6
"21/5/2013","Tuas",0
"22/5/2013","Tuas",0
"23/5/2013","Tuas",10.8
"24/5/2013","Tuas",4.8
"25/5/2013","Tuas",0
"26/5/2013","Tuas",0
"27/5/2013","Tuas",0
"28/5/2013","Tuas",0
"29/5/2013","Tuas",0.2
"30/5/2013","Tuas",0
"31/5/2013","Tuas",0
"1/6/2013","Tuas",0.2
"2/6/2013","Tuas",0
"3/6/2013","Tuas",0.4
"4/6/2013","Tuas",0
"5/6/2013","Tuas",3.2
"6/6/2013","Tuas",0.2
"7/6/2013","Tuas",1.2
"8/6/2013","Tuas",7
"9/6/2013","Tuas",7.2
"10/6/2013","Tuas",0.4
"11/6/2013","Tuas",0
"12/6/2013","Tuas",0
"13/6/2013","Tuas",0
"14/6/2013","Tuas",0
"15/6/2013","Tuas",0
"16/6/2013","Tuas",2
"17/6/2013","Tuas",0
"18/6/2013","Tuas",0
"19/6/2013","Tuas",0
"20/6/2013","Tuas",0
"21/6/2013","Tuas",0
"22/6/2013","Tuas",0
"23/6/2013","Tuas",0
"24/6/2013","Tuas",0
"25/6/2013","Tuas",16.2
"26/6/2013","Tuas",3.8
"27/6/2013","Tuas",0
"28/6/2013","Tuas",0
"29/6/2013","Tuas",0.4
"30/6/2013","Tuas",8.8
"1/7/2013","Tuas",0
"2/7/2013","Tuas",0
"3/7/2013","Tuas",0
"4/7/2013","Tuas",12.4
"5/7/2013","Tuas",0
"6/7/2013","Tuas",0
"7/7/2013","Tuas",0
"8/7/2013","Tuas",8.2
"9/7/2013","Tuas",1.4
"10/7/2013","Tuas",0
"11/7/2013","Tuas",8
"12/7/2013","Tuas",0.2
"13/7/2013","Tuas",2.2
"14/7/2013","Tuas",5.8
"15/7/2013","Tuas",0
"16/7/2013","Tuas",0
"17/7/2013","Tuas",0
"18/7/2013","Tuas",0.4
"19/7/2013","Tuas",0
"20/7/2013","Tuas",0
"21/7/2013","Tuas",0
"22/7/2013","Tuas",0
"23/7/2013","Tuas",0
"24/7/2013","Tuas",0
"25/7/2013","Tuas",0
"26/7/2013","Tuas",0
"27/7/2013","Tuas",0.8
"28/7/2013","Tuas",1.2
"29/7/2013","Tuas",0
"30/7/2013","Tuas",0
"31/7/2013","Tuas",4.8
"1/8/2013","Tuas",0
"2/8/2013","Tuas",0
"3/8/2013","Tuas",0
"4/8/2013","Tuas",2.2
"5/8/2013","Tuas",28.8
"6/8/2013","Tuas",0.6
"7/8/2013","Tuas",9
"8/8/2013","Tuas",0
"9/8/2013","Tuas",4.4
"10/8/2013","Tuas",14.2
"11/8/2013","Tuas",18.4
"12/8/2013","Tuas",1.6
"13/8/2013","Tuas",0.8
"14/8/2013","Tuas",7.8
"15/8/2013","Tuas",0
"16/8/2013","Tuas",0
"17/8/2013","Tuas",1.2
"18/8/2013","Tuas",0
"19/8/2013","Tuas",0
"20/8/2013","Tuas",0
"21/8/2013","Tuas",0
"22/8/2013","Tuas",0
"23/8/2013","Tuas",0
"24/8/2013","Tuas",0
"25/8/2013","Tuas",0
"26/8/2013","Tuas",0
"27/8/2013","Tuas",0
"28/8/2013","Tuas",15
"29/8/2013","Tuas",1.6
"30/8/2013","Tuas",0
"31/8/2013","Tuas",0.6
"1/9/2013","Tuas",1
"2/9/2013","Tuas",20.8
"3/9/2013","Tuas",32.4
"4/9/2013","Tuas",26.6
"5/9/2013","Tuas",7.6
"6/9/2013","Tuas",11.8
"7/9/2013","Tuas",14
"8/9/2013","Tuas",2.2
"9/9/2013","Tuas",14.6
"10/9/2013","Tuas",26.4
"11/9/2013","Tuas",15
"12/9/2013","Tuas",0
"13/9/2013","Tuas",0
"14/9/2013","Tuas",10.4
"15/9/2013","Tuas",24.6
"16/9/2013","Tuas",0.2
"17/9/2013","Tuas",0
"18/9/2013","Tuas",0
"19/9/2013","Tuas",0
"20/9/2013","Tuas",0
"21/9/2013","Tuas",0
"22/9/2013","Tuas",0
"23/9/2013","Tuas",0
"24/9/2013","Tuas",0
"25/9/2013","Tuas",31.8
"26/9/2013","Tuas",17.8
"27/9/2013","Tuas",0
"28/9/2013","Tuas",12.6
"29/9/2013","Tuas",4.2
"30/9/2013","Tuas",0.2
"1/10/2013","Tuas",21.8
"2/10/2013","Tuas",1.2
"3/10/2013","Tuas",0
"4/10/2013","Tuas",2
"5/10/2013","Tuas",4.2
"6/10/2013","Tuas",29.2
"7/10/2013","Tuas",9.8
"8/10/2013","Tuas",28.2
"9/10/2013","Tuas",0
"10/10/2013","Tuas",22.2
"11/10/2013","Tuas",4.6
"12/10/2013","Tuas",0.4
"13/10/2013","Tuas",0
"14/10/2013","Tuas",9.8
"15/10/2013","Tuas",1
"16/10/2013","Tuas",0.2
"17/10/2013","Tuas",0
"18/10/2013","Tuas",11.2
"19/10/2013","Tuas",23.6
"20/10/2013","Tuas",0.2
"21/10/2013","Tuas",12.2
"22/10/2013","Tuas",0
"23/10/2013","Tuas",0
"24/10/2013","Tuas",0
"25/10/2013","Tuas",0
"26/10/2013","Tuas",19.2
"27/10/2013","Tuas",42.4
"28/10/2013","Tuas",0
"29/10/2013","Tuas",2.4
"30/10/2013","Tuas",30.4
"31/10/2013","Tuas",0.4
"1/11/2013","Tuas",4
"2/11/2013","Tuas",0
"3/11/2013","Tuas",1.4
"4/11/2013","Tuas",7
"5/11/2013","Tuas",40.4
"6/11/2013","Tuas",0.2
"7/11/2013","Tuas",0
"8/11/2013","Tuas",0
"9/11/2013","Tuas",32
"10/11/2013","Tuas",6.6
"11/11/2013","Tuas",22
"12/11/2013","Tuas",3
"13/11/2013","Tuas",117.2
"14/11/2013","Tuas",0.2
"15/11/2013","Tuas",4.6
"16/11/2013","Tuas",0.2
"17/11/2013","Tuas",0.2
"18/11/2013","Tuas",8.8
"19/11/2013","Tuas",7.8
"20/11/2013","Tuas",1.6
"21/11/2013","Tuas",18.4
"22/11/2013","Tuas",39
"23/11/2013","Tuas",0.6
"24/11/2013","Tuas",0.2
"25/11/2013","Tuas",4
"26/11/2013","Tuas",0.4
"27/11/2013","Tuas",3.8
"28/11/2013","Tuas",0
"29/11/2013","Tuas",10
"30/11/2013","Tuas",68.8
"1/12/2013","Tuas",5.6
"2/12/2013","Tuas",4.2
"3/12/2013","Tuas",46
"4/12/2013","Tuas",0
"5/12/2013","Tuas",0
"6/12/2013","Tuas",14.8
"7/12/2013","Tuas",0
"8/12/2013","Tuas",11.6
"9/12/2013","Tuas",0
"10/12/2013","Tuas",31.2
"11/12/2013","Tuas",0.6
"12/12/2013","Tuas",30.8
"13/12/2013","Tuas",28.8
"14/12/2013","Tuas",14
"15/12/2013","Tuas",0
"16/12/2013","Tuas",0
"17/12/2013","Tuas",0
"18/12/2013","Tuas",26.4
"19/12/2013","Tuas",6.8
"20/12/2013","Tuas",37.4
"21/12/2013","Tuas",0
"22/12/2013","Tuas",0.6
"23/12/2013","Tuas",0
"24/12/2013","Tuas",0
"25/12/2013","Tuas",2.4
"26/12/2013","Tuas",1.6
"27/12/2013","Tuas",4.4
"28/12/2013","Tuas",1.2
"29/12/2013","Tuas",1
"30/12/2013","Tuas",12.4
"31/12/2013","Tuas",0
"1/1/2014","Tuas",0
"2/1/2014","Tuas",0
"3/1/2014","Tuas",0.8
"4/1/2014","Tuas",27
"5/1/2014","Tuas",1.2
"6/1/2014","Tuas",45.8
"7/1/2014","Tuas",1.2
"8/1/2014","Tuas",0
"9/1/2014","Tuas",2.2
"10/1/2014","Tuas",0
"11/1/2014","Tuas",7.2
"12/1/2014","Tuas",1.8
"13/1/2014","Tuas",0
"14/1/2014","Tuas",0
"15/1/2014","Tuas",0
"16/1/2014","Tuas",0
"17/1/2014","Tuas",0
"18/1/2014","Tuas",0
"19/1/2014","Tuas",0
"20/1/2014","Tuas",0
"21/1/2014","Tuas",0
"22/1/2014","Tuas",0
"23/1/2014","Tuas",0
"24/1/2014","Tuas",0
"25/1/2014","Tuas",0
"26/1/2014","Tuas",0
"27/1/2014","Tuas",0
"28/1/2014","Tuas",0
"29/1/2014","Tuas",0
"30/1/2014","Tuas",0
"31/1/2014","Tuas",0
"1/2/2014","Tuas",0
"2/2/2014","Tuas",0
"3/2/2014","Tuas",0
"4/2/2014","Tuas",0
"5/2/2014","Tuas",0
"6/2/2014","Tuas",0
"7/2/2014","Tuas",0
"8/2/2014","Tuas",0
"9/2/2014","Tuas",0
"10/2/2014","Tuas",0
"11/2/2014","Tuas",0
"12/2/2014","Tuas",2.8
"13/2/2014","Tuas",1
"14/2/2014","Tuas",41.4
"15/2/2014","Tuas",0.2
"16/2/2014","Tuas",8
"17/2/2014","Tuas",0
"18/2/2014","Tuas",0
"19/2/2014","Tuas",0
"20/2/2014","Tuas",0
"21/2/2014","Tuas",0
"22/2/2014","Tuas",0
"23/2/2014","Tuas",0
"24/2/2014","Tuas",0
"25/2/2014","Tuas",0
"26/2/2014","Tuas",0
"27/2/2014","Tuas",0
"28/2/2014","Tuas",0
"1/3/2014","Tuas",0.2
"2/3/2014","Tuas",0
"3/3/2014","Tuas",15.2
"4/3/2014","Tuas",0
"5/3/2014","Tuas",0
"6/3/2014","Tuas",0
"7/3/2014","Tuas",0
"8/3/2014","Tuas",3.2
"9/3/2014","Tuas",0
"10/3/2014","Tuas",0
"11/3/2014","Tuas",0
"12/3/2014","Tuas",0
"13/3/2014","Tuas",0
"14/3/2014","Tuas",0
"15/3/2014","Tuas",0
"16/3/2014","Tuas",26.6
"17/3/2014","Tuas",18.4
"18/3/2014","Tuas",39
"19/3/2014","Tuas",1.2
"20/3/2014","Tuas",0.4
"21/3/2014","Tuas",6.2
"22/3/2014","Tuas",0
"23/3/2014","Tuas",0
"24/3/2014","Tuas",0
"25/3/2014","Tuas",0
"26/3/2014","Tuas",7.8
"27/3/2014","Tuas",0.4
"28/3/2014","Tuas",0
"29/3/2014","Tuas",3.4
"30/3/2014","Tuas",0
"31/3/2014","Tuas",9
"1/4/2014","Tuas",0
"2/4/2014","Tuas",2
"3/4/2014","Tuas",0
"4/4/2014","Tuas",0.2
"5/4/2014","Tuas",17
"6/4/2014","Tuas",0
"7/4/2014","Tuas",7.6
"8/4/2014","Tuas",1.2
"9/4/2014","Tuas",0
"10/4/2014","Tuas",13.6
"11/4/2014","Tuas",0.2
"12/4/2014","Tuas",1.4
"13/4/2014","Tuas",4.2
"14/4/2014","Tuas",1.2
"15/4/2014","Tuas",0.4
"16/4/2014","Tuas",0
"17/4/2014","Tuas",0
"18/4/2014","Tuas",13.4
"19/4/2014","Tuas",0
"20/4/2014","Tuas",19.4
"21/4/2014","Tuas",2.4
"22/4/2014","Tuas",27.4
"23/4/2014","Tuas",12.8
"24/4/2014","Tuas",52.6
"25/4/2014","Tuas",0.2
"26/4/2014","Tuas",0.4
"27/4/2014","Tuas",4.2
"28/4/2014","Tuas",6.8
"29/4/2014","Tuas",4.4
"30/4/2014","Tuas",0
"1/5/2014","Tuas",1.2
"2/5/2014","Tuas",3.6
"3/5/2014","Tuas",0
"4/5/2014","Tuas",2.4
"5/5/2014","Tuas",0.6
"6/5/2014","Tuas",3.8
"7/5/2014","Tuas",13.8
"8/5/2014","Tuas",0.8
"9/5/2014","Tuas",2
"10/5/2014","Tuas",0
"11/5/2014","Tuas",29.4
"12/5/2014","Tuas",0
"13/5/2014","Tuas",0
"14/5/2014","Tuas",34.6
"15/5/2014","Tuas",0
"16/5/2014","Tuas",58
"17/5/2014","Tuas",8.4
"18/5/2014","Tuas",14.8
"19/5/2014","Tuas",11.8
"20/5/2014","Tuas",6.4
"21/5/2014","Tuas",0.2
"22/5/2014","Tuas",0
"23/5/2014","Tuas",32.4
"24/5/2014","Tuas",0
"25/5/2014","Tuas",1
"26/5/2014","Tuas",14.8
"27/5/2014","Tuas",3
"28/5/2014","Tuas",0.4
"29/5/2014","Tuas",0.6
"30/5/2014","Tuas",14.4
"31/5/2014","Tuas",0.2
"1/6/2014","Tuas",30.8
"2/6/2014","Tuas",1
"3/6/2014","Tuas",8.8
"4/6/2014","Tuas",1.6
"5/6/2014","Tuas",4
"6/6/2014","Tuas",27.2
"7/6/2014","Tuas",0
"8/6/2014","Tuas",0
"9/6/2014","Tuas",0
"10/6/2014","Tuas",0.4
"11/6/2014","Tuas",0.2
"12/6/2014","Tuas",16.6
"13/6/2014","Tuas",0
"14/6/2014","Tuas",22.8
"15/6/2014","Tuas",0.2
"16/6/2014","Tuas",0
"17/6/2014","Tuas",0
"18/6/2014","Tuas",11.8
"19/6/2014","Tuas",3.2
"20/6/2014","Tuas",0
"21/6/2014","Tuas",0
"22/6/2014","Tuas",4.2
"23/6/2014","Tuas",0
"24/6/2014","Tuas",11.4
"25/6/2014","Tuas",2.6
"26/6/2014","Tuas",0
"27/6/2014","Tuas",3.2
"28/6/2014","Tuas",0
"29/6/2014","Tuas",2.4
"30/6/2014","Tuas",18.6
"1/7/2014","Tuas",0
"2/7/2014","Tuas",0
"3/7/2014","Tuas",0.4
"4/7/2014","Tuas",0
"5/7/2014","Tuas",49
"6/7/2014","Tuas",0
"7/7/2014","Tuas",55.4
"8/7/2014","Tuas",26.4
"9/7/2014","Tuas",27.2
"10/7/2014","Tuas",0.4
"11/7/2014","Tuas",5
"12/7/2014","Tuas",0.2
"13/7/2014","Tuas",0
"14/7/2014","Tuas",0
"15/7/2014","Tuas",0
"16/7/2014","Tuas",0
"17/7/2014","Tuas",15
"18/7/2014","Tuas",0
"19/7/2014","Tuas",0
"20/7/2014","Tuas",0
"21/7/2014","Tuas",0
"22/7/2014","Tuas",0
"23/7/2014","Tuas",0.8
"24/7/2014","Tuas",0
"25/7/2014","Tuas",0
"26/7/2014","Tuas",0
"27/7/2014","Tuas",16.6
"28/7/2014","Tuas",0
"29/7/2014","Tuas",13.6
"30/7/2014","Tuas",26.2
"31/7/2014","Tuas",0.6
"1/8/2014","Tuas",10.8
"2/8/2014","Tuas",1.4
"3/8/2014","Tuas",0
"4/8/2014","Tuas",0
"5/8/2014","Tuas",9
"6/8/2014","Tuas",9
"7/8/2014","Tuas",0.6
"8/8/2014","Tuas",0
"9/8/2014","Tuas",2.8
"10/8/2014","Tuas",15.4
"11/8/2014","Tuas",0
"12/8/2014","Tuas",8
"13/8/2014","Tuas",0.2
"14/8/2014","Tuas",1
"15/8/2014","Tuas",12.8
"16/8/2014","Tuas",0
"17/8/2014","Tuas",0
"18/8/2014","Tuas",0
"19/8/2014","Tuas",32.2
"20/8/2014","Tuas",0
"21/8/2014","Tuas",3.8
"22/8/2014","Tuas",0
"23/8/2014","Tuas",4.4
"24/8/2014","Tuas",4.6
"25/8/2014","Tuas",0.2
"26/8/2014","Tuas",0.4
"27/8/2014","Tuas",9.4
"28/8/2014","Tuas",16.8
"29/8/2014","Tuas",0.6
"30/8/2014","Tuas",0
"31/8/2014","Tuas",0
"1/9/2014","Tuas",20.8
"2/9/2014","Tuas",32.4
"3/9/2014","Tuas",26.6
"4/9/2014","Tuas",7.6
"5/9/2014","Tuas",11.8
"6/9/2014","Tuas",14
"7/9/2014","Tuas",2.2
"8/9/2014","Tuas",14.6
"9/9/2014","Tuas",26.4
"10/9/2014","Tuas",15
"11/9/2014","Tuas",0
"12/9/2014","Tuas",0
"13/9/2014","Tuas",10.4
"14/9/2014","Tuas",24.6
"15/9/2014","Tuas",0.2
"16/9/2014","Tuas",0
"17/9/2014","Tuas",0
"18/9/2014","Tuas",0
"19/9/2014","Tuas",0
"20/9/2014","Tuas",0
"21/9/2014","Tuas",0
"22/9/2014","Tuas",0
"23/9/2014","Tuas",0
"24/9/2014","Tuas",31.8
"25/9/2014","Tuas",17.8
"26/9/2014","Tuas",0
"27/9/2014","Tuas",12.6
"28/9/2014","Tuas",4.2
"29/9/2014","Tuas",0.2
"30/9/2014","Tuas",21.8
"1/10/2014","Tuas",0
"2/10/2014","Tuas",0
"3/10/2014","Tuas",0
"4/10/2014","Tuas",14.6
"5/10/2014","Tuas",3.6
"6/10/2014","Tuas",0
"7/10/2014","Tuas",0
"8/10/2014","Tuas",0
"9/10/2014","Tuas",0
"10/10/2014","Tuas",0
"11/10/2014","Tuas",0
"12/10/2014","Tuas",0
"13/10/2014","Tuas",5.6
"14/10/2014","Tuas",3.8
"15/10/2014","Tuas",2
"16/10/2014","Tuas",6
"17/10/2014","Tuas",20.8
"18/10/2014","Tuas",9
"19/10/2014","Tuas",0
"20/10/2014","Tuas",0
"21/10/2014","Tuas",4.2
"22/10/2014","Tuas",2.8
"23/10/2014","Tuas",0
"24/10/2014","Tuas",0
"25/10/2014","Tuas",0
"26/10/2014","Tuas",6
"27/10/2014","Tuas",7.2
"28/10/2014","Tuas",0
"29/10/2014","Tuas",0
"30/10/2014","Tuas",3
"31/10/2014","Tuas",0
"1/11/2014","Tuas",0
"2/11/2014","Tuas",0
"3/11/2014","Tuas",0
"4/11/2014","Tuas",0
"5/11/2014","Tuas",1
"6/11/2014","Tuas",0.2
"7/11/2014","Tuas",0.4
"8/11/2014","Tuas",7.6
"9/11/2014","Tuas",20.2
"10/11/2014","Tuas",27.6
"11/11/2014","Tuas",3.6
"12/11/2014","Tuas",0
"13/11/2014","Tuas",0
"14/11/2014","Tuas",3.6
"15/11/2014","Tuas",0.2
"16/11/2014","Tuas",0
"17/11/2014","Tuas",11.4
"18/11/2014","Tuas",4.2
"19/11/2014","Tuas",0
"20/11/2014","Tuas",26.2
"21/11/2014","Tuas",0.2
"22/11/2014","Tuas",5.6
"23/11/2014","Tuas",37
"24/11/2014","Tuas",4.2
"25/11/2014","Tuas",9.6
"26/11/2014","Tuas",4.2
"27/11/2014","Tuas",0
"28/11/2014","Tuas",13.8
"29/11/2014","Tuas",1.2
"30/11/2014","Tuas",0
"1/12/2014","Tuas",14.8
"2/12/2014","Tuas",0
"3/12/2014","Tuas",0
"4/12/2014","Tuas",31.6
"5/12/2014","Tuas",0
"6/12/2014","Tuas",8.6
"7/12/2014","Tuas",23
"8/12/2014","Tuas",0.6
"9/12/2014","Tuas",1
"10/12/2014","Tuas",0
"11/12/2014","Tuas",14.4
"12/12/2014","Tuas",9.2
"13/12/2014","Tuas",3.2
"14/12/2014","Tuas",0.2
"15/12/2014","Tuas",0
"16/12/2014","Tuas",0
"17/12/2014","Tuas",48.6
"18/12/2014","Tuas",34
"19/12/2014","Tuas",10.5
"20/12/2014","Tuas",13
"21/12/2014","Tuas",52
"22/12/2014","Tuas",0.5
"23/12/2014","Tuas",0
"24/12/2014","Tuas",27.5
"25/12/2014","Tuas",0
"26/12/2014","Tuas",17.5
"27/12/2014","Tuas",23
"28/12/2014","Tuas",1
"29/12/2014","Tuas",12
"30/12/2014","Tuas",0
"31/12/2014","Tuas",0
"1/1/2015","Tuas",0
"2/1/2015","Tuas",0
"3/1/2015","Tuas",0
"4/1/2015","Tuas",0
"5/1/2015","Tuas",0
"6/1/2015","Tuas",17.5
"7/1/2015","Tuas",9
"8/1/2015","Tuas",9.5
"9/1/2015","Tuas",2
"10/1/2015","Tuas",0
"11/1/2015","Tuas",15.5
"12/1/2015","Tuas",0.5
"13/1/2015","Tuas",0
"14/1/2015","Tuas",0
"15/1/2015","Tuas",0
"16/1/2015","Tuas",0
"17/1/2015","Tuas",0
"18/1/2015","Tuas",0
"19/1/2015","Tuas",0
"20/1/2015","Tuas",0
"21/1/2015","Tuas",25.5
"22/1/2015","Tuas",0
"23/1/2015","Tuas",0
"24/1/2015","Tuas",0
"25/1/2015","Tuas",0
"26/1/2015","Tuas",0
"27/1/2015","Tuas",0
"28/1/2015","Tuas",0.2
"29/1/2015","Tuas",0
"30/1/2015","Tuas",1
"31/1/2015","Tuas",0
"1/2/2015","Tuas",0
"2/2/2015","Tuas",3.8
"3/2/2015","Tuas",0
"4/2/2015","Tuas",0.2
"5/2/2015","Tuas",0
"6/2/2015","Tuas",27.4
"7/2/2015","Tuas",0
"8/2/2015","Tuas",0
"9/2/2015","Tuas",0
"10/2/2015","Tuas",0
"11/2/2015","Tuas",0
"12/2/2015","Tuas",0
"13/2/2015","Tuas",0
"14/2/2015","Tuas",0
"15/2/2015","Tuas",0
"16/2/2015","Tuas",0
"17/2/2015","Tuas",0
"18/2/2015","Tuas",6.6
"19/2/2015","Tuas",31.6
"20/2/2015","Tuas",0
"21/2/2015","Tuas",0
"22/2/2015","Tuas",0.4
"23/2/2015","Tuas",7.2
"24/2/2015","Tuas",0
"25/2/2015","Tuas",23.6
"26/2/2015","Tuas",14.6
"27/2/2015","Tuas",0
"28/2/2015","Tuas",0
"1/3/2015","Tuas",2.2
"2/3/2015","Tuas",39.2
"3/3/2015","Tuas",0
"4/3/2015","Tuas",0
"5/3/2015","Tuas",0
"6/3/2015","Tuas",0
"7/3/2015","Tuas",0
"8/3/2015","Tuas",0
"9/3/2015","Tuas",72.2
"10/3/2015","Tuas",0.4
"11/3/2015","Tuas",8.4
"12/3/2015","Tuas",0
"13/3/2015","Tuas",0
"14/3/2015","Tuas",14.8
"15/3/2015","Tuas",2
"16/3/2015","Tuas",0
"17/3/2015","Tuas",0
"18/3/2015","Tuas",0
"19/3/2015","Tuas",0
"20/3/2015","Tuas",0
"21/3/2015","Tuas",22
"22/3/2015","Tuas",44.8
"23/3/2015","Tuas",0
"24/3/2015","Tuas",0
"25/3/2015","Tuas",0
"26/3/2015","Tuas",0
"27/3/2015","Tuas",0
"28/3/2015","Tuas",1.4
"29/3/2015","Tuas",11.6
"30/3/2015","Tuas",0
"31/3/2015","Tuas",27.6
"1/4/2015","Tuas",3.6
"2/4/2015","Tuas",26.8
"3/4/2015","Tuas",0
"4/4/2015","Tuas",1.8
"5/4/2015","Tuas",10.2
"6/4/2015","Tuas",0.2
"7/4/2015","Tuas",0
"8/4/2015","Tuas",3
"9/4/2015","Tuas",0.4
"10/4/2015","Tuas",0
"11/4/2015","Tuas",16
"12/4/2015","Tuas",22
"13/4/2015","Tuas",0
"14/4/2015","Tuas",0
"15/4/2015","Tuas",0.8
"16/4/2015","Tuas",0
"17/4/2015","Tuas",8
"18/4/2015","Tuas",0
"19/4/2015","Tuas",26.8
"20/4/2015","Tuas",0
"21/4/2015","Tuas",0.4
"22/4/2015","Tuas",10.4
"23/4/2015","Tuas",24
"24/4/2015","Tuas",3.6
"25/4/2015","Tuas",1.8
"26/4/2015","Tuas",8.8
"27/4/2015","Tuas",0.4
"28/4/2015","Tuas",5.8
"29/4/2015","Tuas",0
"30/4/2015","Tuas",0.8
"1/5/2015","Tuas",0
"2/5/2015","Tuas",5.4
"3/5/2015","Tuas",57.4
"4/5/2015","Tuas",0
"5/5/2015","Tuas",0
"6/5/2015","Tuas",0
"7/5/2015","Tuas",16
"8/5/2015","Tuas",48.4
"9/5/2015","Tuas",0
"10/5/2015","Tuas",0
"11/5/2015","Tuas",0
"12/5/2015","Tuas",1.8
"13/5/2015","Tuas",0
"14/5/2015","Tuas",9.2
"15/5/2015","Tuas",8.4
"16/5/2015","Tuas",0
"17/5/2015","Tuas",0
"18/5/2015","Tuas",45.8
"19/5/2015","Tuas",0.6
"20/5/2015","Tuas",0
"21/5/2015","Tuas",0
"22/5/2015","Tuas",12.2
"23/5/2015","Tuas",5.2
"24/5/2015","Tuas",0
"25/5/2015","Tuas",0
"26/5/2015","Tuas",0
"27/5/2015","Tuas",0
"28/5/2015","Tuas",0
"29/5/2015","Tuas",1.8
"30/5/2015","Tuas",0
"31/5/2015","Tuas",0
"1/6/2015","Tuas",0
"2/6/2015","Tuas",14.2
"3/6/2015","Tuas",0
"4/6/2015","Tuas",0
"5/6/2015","Tuas",0
"6/6/2015","Tuas",7
"7/6/2015","Tuas",13.8
"8/6/2015","Tuas",16.8
"9/6/2015","Tuas",0
"10/6/2015","Tuas",0
"11/6/2015","Tuas",0
"12/6/2015","Tuas",29.2
"13/6/2015","Tuas",0
"14/6/2015","Tuas",18.2
"15/6/2015","Tuas",0
"16/6/2015","Tuas",10.6
"17/6/2015","Tuas",0
"18/6/2015","Tuas",0
"19/6/2015","Tuas",0
"20/6/2015","Tuas",0
"21/6/2015","Tuas",0
"22/6/2015","Tuas",0
"23/6/2015","Tuas",0
"24/6/2015","Tuas",2.6
"25/6/2015","Tuas",0
"26/6/2015","Tuas",0
"27/6/2015","Tuas",0
"28/6/2015","Tuas",0
"29/6/2015","Tuas",0
"30/6/2015","Tuas",0
"1/7/2015","Tuas",0.8
"2/7/2015","Tuas",0
"3/7/2015","Tuas",0
"4/7/2015","Tuas",18.6
"5/7/2015","Tuas",0
"6/7/2015","Tuas",0
"7/7/2015","Tuas",0
"8/7/2015","Tuas",5.2
"9/7/2015","Tuas",0.2
"10/7/2015","Tuas",8.4
"11/7/2015","Tuas",0
"12/7/2015","Tuas",0
"13/7/2015","Tuas",0.2
"14/7/2015","Tuas",0
"15/7/2015","Tuas",0
"16/7/2015","Tuas",0.2
"17/7/2015","Tuas",26.6
"18/7/2015","Tuas",0
"19/7/2015","Tuas",0
"20/7/2015","Tuas",0
"21/7/2015","Tuas",0
"22/7/2015","Tuas",0
"23/7/2015","Tuas",0
"24/7/2015","Tuas",0
"25/7/2015","Tuas",0
"26/7/2015","Tuas",0
"27/7/2015","Tuas",13.2
"28/7/2015","Tuas",0
"29/7/2015","Tuas",0
"30/7/2015","Tuas",0
"31/7/2015","Tuas",3.8
"1/8/2015","Tuas",0
"2/8/2015","Tuas",0
"3/8/2015","Tuas",44.4
"4/8/2015","Tuas",42.6
"5/8/2015","Tuas",0
"6/8/2015","Tuas",22
"7/8/2015","Tuas",25.2
"8/8/2015","Tuas",0
"9/8/2015","Tuas",7.2
"10/8/2015","Tuas",3.2
"11/8/2015","Tuas",15
"12/8/2015","Tuas",0.2
"13/8/2015","Tuas",0
"14/8/2015","Tuas",0
"15/8/2015","Tuas",0
"16/8/2015","Tuas",1
"17/8/2015","Tuas",0
"18/8/2015","Tuas",0
"19/8/2015","Tuas",0
"20/8/2015","Tuas",0
"21/8/2015","Tuas",8.4
"22/8/2015","Tuas",0
"23/8/2015","Tuas",0
"24/8/2015","Tuas",0
"25/8/2015","Tuas",0.4
"26/8/2015","Tuas",0
"27/8/2015","Tuas",0
"28/8/2015","Tuas",0
"29/8/2015","Tuas",0
"30/8/2015","Tuas",0
"31/8/2015","Tuas",0
"1/9/2015","Tuas",0
"2/9/2015","Tuas",0
"3/9/2015","Tuas",2.6
"4/9/2015","Tuas",8.6
"5/9/2015","Tuas",0
"6/9/2015","Tuas",0
"7/9/2015","Tuas",0
"8/9/2015","Tuas",0
"9/9/2015","Tuas",44.8
"10/9/2015","Tuas",0
"11/9/2015","Tuas",0
"12/9/2015","Tuas",0
"13/9/2015","Tuas",0
"14/9/2015","Tuas",0.8
"15/9/2015","Tuas",44.8
"16/9/2015","Tuas",20.2
"17/9/2015","Tuas",0
"18/9/2015","Tuas",0
"19/9/2015","Tuas",0
"20/9/2015","Tuas",5.2
"21/9/2015","Tuas",0
"22/9/2015","Tuas",0
"23/9/2015","Tuas",0
"24/9/2015","Tuas",0
"25/9/2015","Tuas",0
"26/9/2015","Tuas",0
"27/9/2015","Tuas",0
"28/9/2015","Tuas",15.6
"29/9/2015","Tuas",0.2
"30/9/2015","Tuas",0.2
"1/10/2015","Tuas",0
"2/10/2015","Tuas",45.6
"3/10/2015","Tuas",0
"4/10/2015","Tuas",0
"5/10/2015","Tuas",10
"6/10/2015","Tuas",39.2
"7/10/2015","Tuas",22.6
"8/10/2015","Tuas",0
"9/10/2015","Tuas",0
"10/10/2015","Tuas",0
"11/10/2015","Tuas",0
"12/10/2015","Tuas",0
"13/10/2015","Tuas",0
"14/10/2015","Tuas",0
"15/10/2015","Tuas",0
"16/10/2015","Tuas",0
"17/10/2015","Tuas",0
"18/10/2015","Tuas",0
"19/10/2015","Tuas",0
"20/10/2015","Tuas",0
"21/10/2015","Tuas",0
"22/10/2015","Tuas",0
"23/10/2015","Tuas",0
"24/10/2015","Tuas",0
"25/10/2015","Tuas",6.2
"26/10/2015","Tuas",0
"27/10/2015","Tuas",8.2
"28/10/2015","Tuas",13
"29/10/2015","Tuas",0
"30/10/2015","Tuas",7.6
"31/10/2015","Tuas",4.6
"1/11/2015","Tuas",0.6
"2/11/2015","Tuas",22
"3/11/2015","Tuas",0
"4/11/2015","Tuas",0
"5/11/2015","Tuas",0
"6/11/2015","Tuas",0
"7/11/2015","Tuas",48
"8/11/2015","Tuas",7.4
"9/11/2015","Tuas",0.8
"10/11/2015","Tuas",2.8
"11/11/2015","Tuas",50.8
"12/11/2015","Tuas",0
"13/11/2015","Tuas",1.4
"14/11/2015","Tuas",0
"15/11/2015","Tuas",0.4
"16/11/2015","Tuas",16.4
"17/11/2015","Tuas",41
"18/11/2015","Tuas",0
"19/11/2015","Tuas",30.4
"20/11/2015","Tuas",28.6
"21/11/2015","Tuas",0.4
"22/11/2015","Tuas",0
"23/11/2015","Tuas",0
"24/11/2015","Tuas",6.8
"25/11/2015","Tuas",37.2
"26/11/2015","Tuas",11.6
"27/11/2015","Tuas",22.8
"28/11/2015","Tuas",0.4
"29/11/2015","Tuas",15.8
"30/11/2015","Tuas",4
"1/12/2015","Tuas",68.2
"2/12/2015","Tuas",10
"3/12/2015","Tuas",13.6
"4/12/2015","Tuas",0
"5/12/2015","Tuas",23.6
"6/12/2015","Tuas",50.4
"7/12/2015","Tuas",0
"8/12/2015","Tuas",11.8
"9/12/2015","Tuas",9
"10/12/2015","Tuas",9.4
"11/12/2015","Tuas",23.2
"12/12/2015","Tuas",34
"13/12/2015","Tuas",12.4
"14/12/2015","Tuas",3
"15/12/2015","Tuas",0.2
"16/12/2015","Tuas",0
"17/12/2015","Tuas",0
"18/12/2015","Tuas",0.4
"19/12/2015","Tuas",0
"20/12/2015","Tuas",0
"21/12/2015","Tuas",0
"22/12/2015","Tuas",0
"23/12/2015","Tuas",16.6
"24/12/2015","Tuas",5
"25/12/2015","Tuas",3
"26/12/2015","Tuas",0
"27/12/2015","Tuas",0
"28/12/2015","Tuas",99
"29/12/2015","Tuas",10.8
"30/12/2015","Tuas",0
"31/12/2015","Tuas",5.4
"1/1/2016","Tuas",19.4
"2/1/2016","Tuas",5.2
"3/1/2016","Tuas",0
"4/1/2016","Tuas",4
"5/1/2016","Tuas",13.4
"6/1/2016","Tuas",0.8
"7/1/2016","Tuas",0
"8/1/2016","Tuas",0
"9/1/2016","Tuas",0
"10/1/2016","Tuas",0
"11/1/2016","Tuas",31
"12/1/2016","Tuas",0
"13/1/2016","Tuas",1.2
"14/1/2016","Tuas",31.8
"15/1/2016","Tuas",8.2
"16/1/2016","Tuas",0.8
"17/1/2016","Tuas",38.6
"18/1/2016","Tuas",15.6
"19/1/2016","Tuas",5.4
"20/1/2016","Tuas",15.6
"21/1/2016","Tuas",0
"22/1/2016","Tuas",4.8
"23/1/2016","Tuas",13.2
"24/1/2016","Tuas",1.2
"25/1/2016","Tuas",8.8
"26/1/2016","Tuas",1.6
"27/1/2016","Tuas",0
"28/1/2016","Tuas",22.6
"29/1/2016","Tuas",20
"30/1/2016","Tuas",0
"31/1/2016","Tuas",13
"1/2/2016","Tuas",0.2
"2/2/2016","Tuas",6
"3/2/2016","Tuas",0
"4/2/2016","Tuas",1.2
"5/2/2016","Tuas",12
"6/2/2016","Tuas",8.6
"7/2/2016","Tuas",16.2
"8/2/2016","Tuas",0.6
"9/2/2016","Tuas",0
"10/2/2016","Tuas",0
"11/2/2016","Tuas",0
"12/2/2016","Tuas",3.6
"13/2/2016","Tuas",0.2
"14/2/2016","Tuas",11.2
"15/2/2016","Tuas",3.6
"16/2/2016","Tuas",0
"17/2/2016","Tuas",0
"18/2/2016","Tuas",0.2
"19/2/2016","Tuas",72
"20/2/2016","Tuas",6
"21/2/2016","Tuas",0
"22/2/2016","Tuas",0
"23/2/2016","Tuas",0
"24/2/2016","Tuas",5.4
"25/2/2016","Tuas",0.2
"26/2/2016","Tuas",0
"27/2/2016","Tuas",0
"28/2/2016","Tuas",0
"29/2/2016","Tuas",0
"1/3/2016","Tuas",0
"2/3/2016","Tuas",0
"3/3/2016","Tuas",0.4
"4/3/2016","Tuas",1.4
"5/3/2016","Tuas",17
"6/3/2016","Tuas",2.2
"7/3/2016","Tuas",0
"8/3/2016","Tuas",31.6
"9/3/2016","Tuas",0.2
"10/3/2016","Tuas",21.8
"11/3/2016","Tuas",0.4
"12/3/2016","Tuas",0
"13/3/2016","Tuas",13.2
"14/3/2016","Tuas",5.2
"15/3/2016","Tuas",0
"16/3/2016","Tuas",0
"17/3/2016","Tuas",0.2
"18/3/2016","Tuas",0
"19/3/2016","Tuas",0
"20/3/2016","Tuas",4.6
"21/3/2016","Tuas",10.4
"22/3/2016","Tuas",0
"23/3/2016","Tuas",0
"24/3/2016","Tuas",37
"25/3/2016","Tuas",0
"26/3/2016","Tuas",0
"27/3/2016","Tuas",0
"28/3/2016","Tuas",0
"29/3/2016","Tuas",0.4
"30/3/2016","Tuas",0
"31/3/2016","Tuas",1.4
"1/4/2016","Tuas",0
"2/4/2016","Tuas",0
"3/4/2016","Tuas",2.8
"4/4/2016","Tuas",0.2
"5/4/2016","Tuas",13.2
"6/4/2016","Tuas",0.2
"7/4/2016","Tuas",0
"8/4/2016","Tuas",0
"9/4/2016","Tuas",11.6
"10/4/2016","Tuas",1
"11/4/2016","Tuas",0.2
"12/4/2016","Tuas",5.4
"13/4/2016","Tuas",0
"14/4/2016","Tuas",0
"15/4/2016","Tuas",0.4
"16/4/2016","Tuas",1.4
"17/4/2016","Tuas",41.8
"18/4/2016","Tuas",0
"19/4/2016","Tuas",0
"20/4/2016","Tuas",63.4
"21/4/2016","Tuas",0
"22/4/2016","Tuas",27.2
"23/4/2016","Tuas",45.8
"24/4/2016","Tuas",0.4
"25/4/2016","Tuas",44.4
"26/4/2016","Tuas",0
"27/4/2016","Tuas",0
"28/4/2016","Tuas",0.6
"29/4/2016","Tuas",5.8
"30/4/2016","Tuas",19.6
"1/5/2016","Tuas",0
"2/5/2016","Tuas",37.8
"3/5/2016","Tuas",5.6
"4/5/2016","Tuas",0
"5/5/2016","Tuas",17.4
"6/5/2016","Tuas",42.4
"7/5/2016","Tuas",9.8
"8/5/2016","Tuas",0
"9/5/2016","Tuas",15.4
"10/5/2016","Tuas",0
"11/5/2016","Tuas",19.2
"12/5/2016","Tuas",9
"13/5/2016","Tuas",8.2
"14/5/2016","Tuas",22.4
"15/5/2016","Tuas",9.4
"16/5/2016","Tuas",0.6
"17/5/2016","Tuas",0
"18/5/2016","Tuas",21.6
"19/5/2016","Tuas",0
"20/5/2016","Tuas",0
"21/5/2016","Tuas",25
"22/5/2016","Tuas",21.2
"23/5/2016","Tuas",0
"24/5/2016","Tuas",1.8
"25/5/2016","Tuas",24.2
"26/5/2016","Tuas",0
"27/5/2016","Tuas",0
"28/5/2016","Tuas",0
"29/5/2016","Tuas",0
"30/5/2016","Tuas",0.4
"31/5/2016","Tuas",0
"1/6/2016","Tuas",27
"2/6/2016","Tuas",0.4
"3/6/2016","Tuas",0
"4/6/2016","Tuas",0.2
"5/6/2016","Tuas",0
"6/6/2016","Tuas",2.8
"7/6/2016","Tuas",0.2
"8/6/2016","Tuas",6.2
"9/6/2016","Tuas",1.4
"10/6/2016","Tuas",0
"11/6/2016","Tuas",1.8
"12/6/2016","Tuas",0.2
"13/6/2016","Tuas",19
"14/6/2016","Tuas",8.2
"15/6/2016","Tuas",1.8
"16/6/2016","Tuas",6
"17/6/2016","Tuas",217
"18/6/2016","Tuas",12.8
"19/6/2016","Tuas",0.2
"20/6/2016","Tuas",0
"21/6/2016","Tuas",0
"22/6/2016","Tuas",0.6
"23/6/2016","Tuas",0
"24/6/2016","Tuas",38.8
"25/6/2016","Tuas",0.4
"26/6/2016","Tuas",0.2
"27/6/2016","Tuas",0
"28/6/2016","Tuas",0
"29/6/2016","Tuas",0
"30/6/2016","Tuas",0
"1/7/2016","Tuas",0
"2/7/2016","Tuas",0
"3/7/2016","Tuas",0
"4/7/2016","Tuas",0
"5/7/2016","Tuas",0
"6/7/2016","Tuas",10
"7/7/2016","Tuas",7.8
"8/7/2016","Tuas",35.2
"9/7/2016","Tuas",0
"10/7/2016","Tuas",0
"11/7/2016","Tuas",2.6
"12/7/2016","Tuas",0
"13/7/2016","Tuas",34
"14/7/2016","Tuas",48
"15/7/2016","Tuas",37.4
"16/7/2016","Tuas",0
"17/7/2016","Tuas",2.2
"18/7/2016","Tuas",0
"19/7/2016","Tuas",22
"20/7/2016","Tuas",30.6
"21/7/2016","Tuas",11
"22/7/2016","Tuas",12.2
"23/7/2016","Tuas",4.2
"24/7/2016","Tuas",2.2
"25/7/2016","Tuas",1.4
"26/7/2016","Tuas",26.8
"27/7/2016","Tuas",0
"28/7/2016","Tuas",5.4
"29/7/2016","Tuas",0
"30/7/2016","Tuas",0
"31/7/2016","Tuas",0
"1/8/2016","Tuas",13
"2/8/2016","Tuas",0
"3/8/2016","Tuas",2.8
"4/8/2016","Tuas",0
"5/8/2016","Tuas",0
"6/8/2016","Tuas",0
"7/8/2016","Tuas",0
"8/8/2016","Tuas",0
"9/8/2016","Tuas",0
"10/8/2016","Tuas",0
"11/8/2016","Tuas",0.6
"12/8/2016","Tuas",0.6
"13/8/2016","Tuas",1
"14/8/2016","Tuas",0
"15/8/2016","Tuas",4.8
"16/8/2016","Tuas",0
"17/8/2016","Tuas",0
"18/8/2016","Tuas",0
"19/8/2016","Tuas",14.6
"20/8/2016","Tuas",0
"21/8/2016","Tuas",16
"22/8/2016","Tuas",0
"23/8/2016","Tuas",0
"24/8/2016","Tuas",39
"25/8/2016","Tuas",0
"26/8/2016","Tuas",0
"27/8/2016","Tuas",0
"28/8/2016","Tuas",0
"29/8/2016","Tuas",0
"30/8/2016","Tuas",2.8
"31/8/2016","Tuas",0.2
"1/9/2016","Tuas",21
"2/9/2016","Tuas",0
"3/9/2016","Tuas",0
"4/9/2016","Tuas",21.8
"5/9/2016","Tuas",0
"6/9/2016","Tuas",0
"7/9/2016","Tuas",23.8
"8/9/2016","Tuas",0
"9/9/2016","Tuas",1
"10/9/2016","Tuas",4
"11/9/2016","Tuas",6
"12/9/2016","Tuas",0
"13/9/2016","Tuas",0
"14/9/2016","Tuas",4.6
"15/9/2016","Tuas",0
"16/9/2016","Tuas",5.4
"17/9/2016","Tuas",1.2
"18/9/2016","Tuas",26.8
"19/9/2016","Tuas",1.6
"20/9/2016","Tuas",12.4
"21/9/2016","Tuas",0
"22/9/2016","Tuas",0
"23/9/2016","Tuas",0
"24/9/2016","Tuas",0
"25/9/2016","Tuas",0
"26/9/2016","Tuas",0
"27/9/2016","Tuas",0.2
"28/9/2016","Tuas",0.2
"29/9/2016","Tuas",0
"30/9/2016","Tuas",0
"1/10/2016","Tuas",0
"2/10/2016","Tuas",0.8
"3/10/2016","Tuas",11
"4/10/2016","Tuas",0
"5/10/2016","Tuas",0
"6/10/2016","Tuas",5.6
"7/10/2016","Tuas",28.2
"8/10/2016","Tuas",0.2
"9/10/2016","Tuas",0.6
"10/10/2016","Tuas",0
"11/10/2016","Tuas",0
"12/10/2016","Tuas",0
"13/10/2016","Tuas",0
"14/10/2016","Tuas",72.6
"15/10/2016","Tuas",0
"16/10/2016","Tuas",2.8
"17/10/2016","Tuas",0
"18/10/2016","Tuas",0
"19/10/2016","Tuas",21.8
"20/10/2016","Tuas",0
"21/10/2016","Tuas",38
"22/10/2016","Tuas",1
"23/10/2016","Tuas",0
"24/10/2016","Tuas",1.2
"25/10/2016","Tuas",56
"26/10/2016","Tuas",1.6
"27/10/2016","Tuas",9.8
"28/10/2016","Tuas",0.6
"29/10/2016","Tuas",11.8
"30/10/2016","Tuas",1.4
"31/10/2016","Tuas",0.6
"1/11/2016","Tuas",6.2
"2/11/2016","Tuas",4.6
"3/11/2016","Tuas",1.4
"4/11/2016","Tuas",1.2
"5/11/2016","Tuas",19.2
"6/11/2016","Tuas",3.2
"7/11/2016","Tuas",1.2
"8/11/2016","Tuas",0
"9/11/2016","Tuas",0
"10/11/2016","Tuas",13.6
"11/11/2016","Tuas",10
"12/11/2016","Tuas",4.8
"13/11/2016","Tuas",0.2
"14/11/2016","Tuas",25
"15/11/2016","Tuas",0.8
"16/11/2016","Tuas",20.6
"17/11/2016","Tuas",0
"18/11/2016","Tuas",4.4
"19/11/2016","Tuas",15
"20/11/2016","Tuas",0
"21/11/2016","Tuas",0.4
"22/11/2016","Tuas",15.8
"23/11/2016","Tuas",1
"24/11/2016","Tuas",0
"25/11/2016","Tuas",0
"26/11/2016","Tuas",15.8
"27/11/2016","Tuas",21.8
"28/11/2016","Tuas",0
"29/11/2016","Tuas",0
"30/11/2016","Tuas",0
"1/12/2016","Tuas",18
"2/12/2016","Tuas",3
"3/12/2016","Tuas",0
"4/12/2016","Tuas",0.2
"5/12/2016","Tuas",24.2
"6/12/2016","Tuas",0.6
"7/12/2016","Tuas",0
"8/12/2016","Tuas",0.2
"9/12/2016","Tuas",1
"10/12/2016","Tuas",0
"11/12/2016","Tuas",1
"12/12/2016","Tuas",0
"13/12/2016","Tuas",0
"14/12/2016","Tuas",0
"15/12/2016","Tuas",0
"16/12/2016","Tuas",0
"17/12/2016","Tuas",10.6
"18/12/2016","Tuas",7.8
"19/12/2016","Tuas",0.8
"20/12/2016","Tuas",0
"21/12/2016","Tuas",0
"22/12/2016","Tuas",26.4
"23/12/2016","Tuas",1.2
"24/12/2016","Tuas",1
"25/12/2016","Tuas",9
"26/12/2016","Tuas",0
"27/12/2016","Tuas",3.6
"28/12/2016","Tuas",1.4
"29/12/2016","Tuas",0
"30/12/2016","Tuas",8.6
"31/12/2016","Tuas",0
"1/1/2017","Tuas",21.6
"2/1/2017","Tuas",17.2
"3/1/2017","Tuas",0
"4/1/2017","Tuas",6.2
"5/1/2017","Tuas",2.2
"6/1/2017","Tuas",0
"7/1/2017","Tuas",0
"8/1/2017","Tuas",0
"9/1/2017","Tuas",0
"10/1/2017","Tuas",0
"11/1/2017","Tuas",0
"12/1/2017","Tuas",0
"13/1/2017","Tuas",0
"14/1/2017","Tuas",0
"15/1/2017","Tuas",0.2
"16/1/2017","Tuas",0
"17/1/2017","Tuas",0
"18/1/2017","Tuas",30
"19/1/2017","Tuas",68.8
"20/1/2017","Tuas",1.2
"21/1/2017","Tuas",37.6
"22/1/2017","Tuas",7.6
"23/1/2017","Tuas",64.4
"24/1/2017","Tuas",7.6
"25/1/2017","Tuas",18.6
"26/1/2017","Tuas",1.4
"27/1/2017","Tuas",1
"28/1/2017","Tuas",0
"29/1/2017","Tuas",0
"30/1/2017","Tuas",2.4
"31/1/2017","Tuas",0
"1/2/2017","Tuas",0
"2/2/2017","Tuas",0
"3/2/2017","Tuas",0
"4/2/2017","Tuas",0
"5/2/2017","Tuas",0
"6/2/2017","Tuas",0
"7/2/2017","Tuas",0.8
"8/2/2017","Tuas",6.4
"9/2/2017","Tuas",0.2
"10/2/2017","Tuas",0
"11/2/2017","Tuas",0
"12/2/2017","Tuas",4.8
"13/2/2017","Tuas",3
"14/2/2017","Tuas",1
"15/2/2017","Tuas",2.2
"16/2/2017","Tuas",0
"17/2/2017","Tuas",0
"18/2/2017","Tuas",0
"19/2/2017","Tuas",2
"20/2/2017","Tuas",26.4
"21/2/2017","Tuas",11.2
"22/2/2017","Tuas",0
"23/2/2017","Tuas",0.8
"24/2/2017","Tuas",5.8
"25/2/2017","Tuas",6.8
"26/2/2017","Tuas",13.2
"27/2/2017","Tuas",0
"28/2/2017","Tuas",0.2
"1/3/2017","Tuas",30.2
"2/3/2017","Tuas",0.2
"3/3/2017","Tuas",40.2
"4/3/2017","Tuas",3
"5/3/2017","Tuas",11.2
"6/3/2017","Tuas",10.2
"7/3/2017","Tuas",0.2
"8/3/2017","Tuas",0
"9/3/2017","Tuas",5.2
"10/3/2017","Tuas",0
"11/3/2017","Tuas",6
"12/3/2017","Tuas",4.6
"13/3/2017","Tuas",0
"14/3/2017","Tuas",1.4
"15/3/2017","Tuas",0
"16/3/2017","Tuas",1.2
"17/3/2017","Tuas",6.2
"18/3/2017","Tuas",3.4
"19/3/2017","Tuas",0
"20/3/2017","Tuas",6.4
"21/3/2017","Tuas",0
"22/3/2017","Tuas",1.8
"23/3/2017","Tuas",0
"24/3/2017","Tuas",0
"25/3/2017","Tuas",0.4
"26/3/2017","Tuas",7.2
"27/3/2017","Tuas",0
"28/3/2017","Tuas",0.6
"29/3/2017","Tuas",7.6
"30/3/2017","Tuas",2
"31/3/2017","Tuas",0
"1/4/2017","Tuas",19.8
"2/4/2017","Tuas",0
"3/4/2017","Tuas",8.6
"4/4/2017","Tuas",13.2
"5/4/2017","Tuas",1.4
"6/4/2017","Tuas",0
"7/4/2017","Tuas",25.6
"8/4/2017","Tuas",3.8
"9/4/2017","Tuas",0
"10/4/2017","Tuas",9.2
"11/4/2017","Tuas",0
"12/4/2017","Tuas",4.4
"13/4/2017","Tuas",5.8
"14/4/2017","Tuas",47.8
"15/4/2017","Tuas",23
"16/4/2017","Tuas",0.2
"17/4/2017","Tuas",41.2
"18/4/2017","Tuas",55.8
"19/4/2017","Tuas",0
"20/4/2017","Tuas",0
"21/4/2017","Tuas",37
"22/4/2017","Tuas",0
"23/4/2017","Tuas",0
"24/4/2017","Tuas",0
"25/4/2017","Tuas",0
"26/4/2017","Tuas",0
"27/4/2017","Tuas",51.2
"28/4/2017","Tuas",4.8
"29/4/2017","Tuas",0
"30/4/2017","Tuas",0
"1/5/2017","Tuas",0
"2/5/2017","Tuas",23.8
"3/5/2017","Tuas",0.4
"4/5/2017","Tuas",49.2
"5/5/2017","Tuas",0
"6/5/2017","Tuas",0.6
"7/5/2017","Tuas",2
"8/5/2017","Tuas",0
"9/5/2017","Tuas",1.6
"10/5/2017","Tuas",21.2
"11/5/2017","Tuas",0
"12/5/2017","Tuas",5.4
"13/5/2017","Tuas",0
"14/5/2017","Tuas",0.2
"15/5/2017","Tuas",1
"16/5/2017","Tuas",0
"17/5/2017","Tuas",8.4
"18/5/2017","Tuas",0
"19/5/2017","Tuas",0
"20/5/2017","Tuas",0
"21/5/2017","Tuas",6.4
"22/5/2017","Tuas",45.6
"23/5/2017","Tuas",1.2
"24/5/2017","Tuas",36.4
"25/5/2017","Tuas",0.4
"26/5/2017","Tuas",18.8
"27/5/2017","Tuas",0
"28/5/2017","Tuas",0.6
"29/5/2017","Tuas",0.2
"30/5/2017","Tuas",34.6
"31/5/2017","Tuas",21.8
"1/6/2017","Tuas",2.8
"2/6/2017","Tuas",0
"3/6/2017","Tuas",0
"4/6/2017","Tuas",0
"5/6/2017","Tuas",0
"6/6/2017","Tuas",0
"7/6/2017","Tuas",0
"8/6/2017","Tuas",0
"9/6/2017","Tuas",0
"10/6/2017","Tuas",29.8
"11/6/2017","Tuas",0
"12/6/2017","Tuas",0
"13/6/2017","Tuas",0
"14/6/2017","Tuas",40.6
"15/6/2017","Tuas",0
"16/6/2017","Tuas",54
"17/6/2017","Tuas",0
"18/6/2017","Tuas",17.2
"19/6/2017","Tuas",0
"20/6/2017","Tuas",0
"21/6/2017","Tuas",0
"22/6/2017","Tuas",0
"23/6/2017","Tuas",0.2
"24/6/2017","Tuas",0
"25/6/2017","Tuas",0
"26/6/2017","Tuas",0
"27/6/2017","Tuas",1.8
"28/6/2017","Tuas",7
"29/6/2017","Tuas",5
"30/6/2017","Tuas",0
"1/7/2017","Tuas",0
"2/7/2017","Tuas",0
"3/7/2017","Tuas",4.2
"4/7/2017","Tuas",0
"5/7/2017","Tuas",54
"6/7/2017","Tuas",0.2
"7/7/2017","Tuas",0
"8/7/2017","Tuas",9.2
"9/7/2017","Tuas",0
"10/7/2017","Tuas",0
"11/7/2017","Tuas",0
"12/7/2017","Tuas",28.8
"13/7/2017","Tuas",0.2
"14/7/2017","Tuas",6.6
"15/7/2017","Tuas",41.6
"16/7/2017","Tuas",0
"17/7/2017","Tuas",0
"18/7/2017","Tuas",0
"19/7/2017","Tuas",0
"20/7/2017","Tuas",0.6
"21/7/2017","Tuas",0
"22/7/2017","Tuas",0
"23/7/2017","Tuas",0
"24/7/2017","Tuas",0
"25/7/2017","Tuas",0
"26/7/2017","Tuas",0
"27/7/2017","Tuas",0
"28/7/2017","Tuas",0
"29/7/2017","Tuas",0
"30/7/2017","Tuas",0
"31/7/2017","Tuas",0.4
"1/8/2017","Tuas",0
"2/8/2017","Tuas",0
"3/8/2017","Tuas",0
"4/8/2017","Tuas",0
"5/8/2017","Tuas",0
"6/8/2017","Tuas",4
"7/8/2017","Tuas",0.2
"8/8/2017","Tuas",28.4
"9/8/2017","Tuas",0
"10/8/2017","Tuas",0
"11/8/2017","Tuas",46.6
"12/8/2017","Tuas",14.6
"13/8/2017","Tuas",0
"14/8/2017","Tuas",0
"15/8/2017","Tuas",32.6
"16/8/2017","Tuas",0
"17/8/2017","Tuas",74.2
"18/8/2017","Tuas",0.6
"19/8/2017","Tuas",32.4
"20/8/2017","Tuas",0
"21/8/2017","Tuas",0
"22/8/2017","Tuas",0
"23/8/2017","Tuas",0
"24/8/2017","Tuas",0
"25/8/2017","Tuas",0
"26/8/2017","Tuas",0
"27/8/2017","Tuas",0
"28/8/2017","Tuas",1
"29/8/2017","Tuas",0.2
"30/8/2017","Tuas",0
"31/8/2017","Tuas",0
"1/9/2017","Tuas",0
"2/9/2017","Tuas",0
"3/9/2017","Tuas",0
"4/9/2017","Tuas",0
"5/9/2017","Tuas",0.4
"6/9/2017","Tuas",36.8
"7/9/2017","Tuas",38.4
"8/9/2017","Tuas",51
"9/9/2017","Tuas",0.2
"10/9/2017","Tuas",2.2
"11/9/2017","Tuas",24.4
"12/9/2017","Tuas",0
"13/9/2017","Tuas",0
"14/9/2017","Tuas",17.4
"15/9/2017","Tuas",13.4
"16/9/2017","Tuas",18.4
"17/9/2017","Tuas",4.2
"18/9/2017","Tuas",12.4
"19/9/2017","Tuas",0
"20/9/2017","Tuas",2.4
"21/9/2017","Tuas",5
"22/9/2017","Tuas",0
"23/9/2017","Tuas",11.8
"24/9/2017","Tuas",14
"25/9/2017","Tuas",0
"26/9/2017","Tuas",2.4
"27/9/2017","Tuas",4.8
"28/9/2017","Tuas",0
"29/9/2017","Tuas",44
"30/9/2017","Tuas",0.4
"1/10/2017","Tuas",3
"2/10/2017","Tuas",0
"3/10/2017","Tuas",0.2
"4/10/2017","Tuas",43.8
"5/10/2017","Tuas",0.6
"6/10/2017","Tuas",16.6
"7/10/2017","Tuas",0.8
"8/10/2017","Tuas",0.4
"9/10/2017","Tuas",6
"10/10/2017","Tuas",0.4
"11/10/2017","Tuas",1.8
"12/10/2017","Tuas",90.8
"13/10/2017","Tuas",3.6
"14/10/2017","Tuas",0
"15/10/2017","Tuas",0
"16/10/2017","Tuas",0
"17/10/2017","Tuas",0
"18/10/2017","Tuas",0
"19/10/2017","Tuas",0
"20/10/2017","Tuas",0
"21/10/2017","Tuas",0
"22/10/2017","Tuas",0
"23/10/2017","Tuas",0.2
"24/10/2017","Tuas",0
"25/10/2017","Tuas",0
"26/10/2017","Tuas",0
"27/10/2017","Tuas",0
"28/10/2017","Tuas",0
"29/10/2017","Tuas",0
"30/10/2017","Tuas",20.2
"31/10/2017","Tuas",1.8
"1/11/2017","Tuas",0
"2/11/2017","Tuas",0
"3/11/2017","Tuas",9.8
"4/11/2017","Tuas",5.4
"5/11/2017","Tuas",0.8
"6/11/2017","Tuas",22.6
"7/11/2017","Tuas",0.2
"8/11/2017","Tuas",12.8
"9/11/2017","Tuas",1.2
"10/11/2017","Tuas",2.4
"11/11/2017","Tuas",6
"12/11/2017","Tuas",0.2
"13/11/2017","Tuas",5.4
"14/11/2017","Tuas",36.4
"15/11/2017","Tuas",0
"16/11/2017","Tuas",1.6
"17/11/2017","Tuas",2.2
"18/11/2017","Tuas",1.4
"19/11/2017","Tuas",0
"20/11/2017","Tuas",0
"21/11/2017","Tuas",9.8
"22/11/2017","Tuas",8.4
"23/11/2017","Tuas",6.4
"24/11/2017","Tuas",0.4
"25/11/2017","Tuas",26
"26/11/2017","Tuas",0.6
"27/11/2017","Tuas",0.8
"28/11/2017","Tuas",0
"29/11/2017","Tuas",12
"30/11/2017","Tuas",5
"1/12/2017","Tuas",0
"2/12/2017","Tuas",0
"3/12/2017","Tuas",1.6
"4/12/2017","Tuas",0.2
"5/12/2017","Tuas",0
"6/12/2017","Tuas",0
"7/12/2017","Tuas",1.6
"8/12/2017","Tuas",0.2
"9/12/2017","Tuas",0
"10/12/2017","Tuas",22
"11/12/2017","Tuas",27.8
"12/12/2017","Tuas",20.8
"13/12/2017","Tuas",0
"14/12/2017","Tuas",0
"15/12/2017","Tuas",16.4
"16/12/2017","Tuas",0.4
"17/12/2017","Tuas",0
"18/12/2017","Tuas",0
"19/12/2017","Tuas",0.6
"20/12/2017","Tuas",0
"21/12/2017","Tuas",0
"22/12/2017","Tuas",24.8
"23/12/2017","Tuas",4.6
"24/12/2017","Tuas",0.2
"25/12/2017","Tuas",3.4
"26/12/2017","Tuas",9
"27/12/2017","Tuas",0
"28/12/2017","Tuas",8.2
"29/12/2017","Tuas",5.6
"30/12/2017","Tuas",13.6
"31/12/2017","Tuas",27.6
"1/1/2018","Tuas",35.6
"2/1/2018","Tuas",0
"3/1/2018","Tuas",0.4
"4/1/2018","Tuas",1
"5/1/2018","Tuas",1.4
"6/1/2018","Tuas",0
"7/1/2018","Tuas",35.6
"8/1/2018","Tuas",49.4
"9/1/2018","Tuas",18.2
"10/1/2018","Tuas",9.4
"11/1/2018","Tuas",20.4
"12/1/2018","Tuas",8.6
"13/1/2018","Tuas",9
"14/1/2018","Tuas",4.2
"15/1/2018","Tuas",1
"16/1/2018","Tuas",0
"17/1/2018","Tuas",0
"18/1/2018","Tuas",0.2
"19/1/2018","Tuas",21.2
"20/1/2018","Tuas",0.4
"21/1/2018","Tuas",0
"22/1/2018","Tuas",0
"23/1/2018","Tuas",1.4
"24/1/2018","Tuas",36.6
"25/1/2018","Tuas",0.2
"26/1/2018","Tuas",4
"27/1/2018","Tuas",0
"28/1/2018","Tuas",1.2
"29/1/2018","Tuas",0.6
"30/1/2018","Tuas",0
"31/1/2018","Tuas",0
"1/2/2018","Tuas",4.8
"2/2/2018","Tuas",6.2
"3/2/2018","Tuas",0.2
"4/2/2018","Tuas",0
"5/2/2018","Tuas",0
"6/2/2018","Tuas",0
"7/2/2018","Tuas",0
"8/2/2018","Tuas",0
"9/2/2018","Tuas",0
"10/2/2018","Tuas",0
"11/2/2018","Tuas",0
"12/2/2018","Tuas",0
"13/2/2018","Tuas",0
"14/2/2018","Tuas",0
"15/2/2018","Tuas",0
"16/2/2018","Tuas",0
"17/2/2018","Tuas",0
"18/2/2018","Tuas",0
"19/2/2018","Tuas",0
"20/2/2018","Tuas",0
"21/2/2018","Tuas",0
"22/2/2018","Tuas",8.2
"23/2/2018","Tuas",34
"24/2/2018","Tuas",0
"25/2/2018","Tuas",0
"26/2/2018","Tuas",0
"27/2/2018","Tuas",0
"28/2/2018","Tuas",0
"1/3/2018","Tuas",34.8
"2/3/2018","Tuas",0
"3/3/2018","Tuas",44.2
"4/3/2018","Tuas",0.2
"5/3/2018","Tuas",0
"6/3/2018","Tuas",1.4
"7/3/2018","Tuas",5.4
"8/3/2018","Tuas",0
"9/3/2018","Tuas",0
"10/3/2018","Tuas",35.6
"11/3/2018","Tuas",0
"12/3/2018","Tuas",1
"13/3/2018","Tuas",0
"14/3/2018","Tuas",0.4
"15/3/2018","Tuas",0
"16/3/2018","Tuas",0
"17/3/2018","Tuas",5.6
"18/3/2018","Tuas",0.2
"19/3/2018","Tuas",0
"20/3/2018","Tuas",4.6
"21/3/2018","Tuas",0.2
"22/3/2018","Tuas",0
"23/3/2018","Tuas",0
"24/3/2018","Tuas",28.8
"25/3/2018","Tuas",24.8
"26/3/2018","Tuas",57.2
"27/3/2018","Tuas",7.8
"28/3/2018","Tuas",0.2
"29/3/2018","Tuas",0.4
"30/3/2018","Tuas",4.8
"31/3/2018","Tuas",0.2
"1/4/2018","Tuas",8.8
"2/4/2018","Tuas",12
"3/4/2018","Tuas",0
"4/4/2018","Tuas",0
"5/4/2018","Tuas",0
"6/4/2018","Tuas",0
"7/4/2018","Tuas",24.6
"8/4/2018","Tuas",11
"9/4/2018","Tuas",0
"10/4/2018","Tuas",0
"11/4/2018","Tuas",0
"12/4/2018","Tuas",2
"13/4/2018","Tuas",3.6
"14/4/2018","Tuas",26.2
"15/4/2018","Tuas",2.2
"16/4/2018","Tuas",1.4
"17/4/2018","Tuas",35.4
"18/4/2018","Tuas",2.4
"19/4/2018","Tuas",1.8
"20/4/2018","Tuas",39.4
"21/4/2018","Tuas",4.2
"22/4/2018","Tuas",0.2
"23/4/2018","Tuas",0.8
"24/4/2018","Tuas",0
"25/4/2018","Tuas",0
"26/4/2018","Tuas",0
"27/4/2018","Tuas",7.4
"28/4/2018","Tuas",0.2
"29/4/2018","Tuas",0
"30/4/2018","Tuas",1.4
"1/5/2018","Tuas",30.4
"2/5/2018","Tuas",17.8
"3/5/2018","Tuas",25.8
"4/5/2018","Tuas",103.2
"5/5/2018","Tuas",0.2
"6/5/2018","Tuas",0
"7/5/2018","Tuas",0
"8/5/2018","Tuas",0
"9/5/2018","Tuas",0
"10/5/2018","Tuas",0
"11/5/2018","Tuas",36.4
"12/5/2018","Tuas",5
"13/5/2018","Tuas",62.4
"14/5/2018","Tuas",1.6
"15/5/2018","Tuas",46
"16/5/2018","Tuas",11.8
"17/5/2018","Tuas",7
"18/5/2018","Tuas",7.2
"19/5/2018","Tuas",17.2
"20/5/2018","Tuas",4.4
"21/5/2018","Tuas",0.2
"22/5/2018","Tuas",0
"23/5/2018","Tuas",14.2
"24/5/2018","Tuas",0.4
"25/5/2018","Tuas",32.6
"26/5/2018","Tuas",15.8
"27/5/2018","Tuas",16.4
"28/5/2018","Tuas",16.4
"29/5/2018","Tuas",3.4
"30/5/2018","Tuas",8.6
"31/5/2018","Tuas",20.2
"1/6/2018","Tuas",21.2
"2/6/2018","Tuas",51.8
"3/6/2018","Tuas",0
"4/6/2018","Tuas",1.6
"5/6/2018","Tuas",0
"6/6/2018","Tuas",0
"7/6/2018","Tuas",0
"8/6/2018","Tuas",3.8
"9/6/2018","Tuas",0
"10/6/2018","Tuas",0
"11/6/2018","Tuas",0
"12/6/2018","Tuas",0
"13/6/2018","Tuas",0.2
"14/6/2018","Tuas",0
"15/6/2018","Tuas",37
"16/6/2018","Tuas",0
"17/6/2018","Tuas",0
"18/6/2018","Tuas",1.6
"19/6/2018","Tuas",7.6
"20/6/2018","Tuas",46.8
"21/6/2018","Tuas",0.2
"22/6/2018","Tuas",0
"23/6/2018","Tuas",64
"24/6/2018","Tuas",3
"25/6/2018","Tuas",42
"26/6/2018","Tuas",2.6
"27/6/2018","Tuas",21.6
"28/6/2018","Tuas",4.6
"29/6/2018","Tuas",15.2
"30/6/2018","Tuas",0
"1/7/2018","Tuas",3.8
"2/7/2018","Tuas",0.2
"3/7/2018","Tuas",7
"4/7/2018","Tuas",0
"5/7/2018","Tuas",0
"6/7/2018","Tuas",0
"7/7/2018","Tuas",0
"8/7/2018","Tuas",0
"9/7/2018","Tuas",0.6
"10/7/2018","Tuas",1.4
"11/7/2018","Tuas",0
"12/7/2018","Tuas",0
"13/7/2018","Tuas",0
"14/7/2018","Tuas",0.6
"15/7/2018","Tuas",22.8
"16/7/2018","Tuas",0
"17/7/2018","Tuas",0
"18/7/2018","Tuas",0
"19/7/2018","Tuas",6.4
"20/7/2018","Tuas",4.2
"21/7/2018","Tuas",2.8
"22/7/2018","Tuas",5.4
"23/7/2018","Tuas",0
"24/7/2018","Tuas",1.6
"25/7/2018","Tuas",35.2
"26/7/2018","Tuas",0
"27/7/2018","Tuas",0
"28/7/2018","Tuas",0
"29/7/2018","Tuas",0
"30/7/2018","Tuas",19.4
"31/7/2018","Tuas",0
"1/8/2018","Tuas",0.2
"2/8/2018","Tuas",0
"3/8/2018","Tuas",0
"4/8/2018","Tuas",0
"5/8/2018","Tuas",0
"6/8/2018","Tuas",0
"7/8/2018","Tuas",0
"8/8/2018","Tuas",0
"9/8/2018","Tuas",0
"10/8/2018","Tuas",0
"11/8/2018","Tuas",0
"12/8/2018","Tuas",0
"13/8/2018","Tuas",0
"14/8/2018","Tuas",0
"15/8/2018","Tuas",1.8
"16/8/2018","Tuas",0
"17/8/2018","Tuas",25.4
"18/8/2018","Tuas",0.2
"19/8/2018","Tuas",0
"20/8/2018","Tuas",0
"21/8/2018","Tuas",0
"22/8/2018","Tuas",18.2
"23/8/2018","Tuas",0
"24/8/2018","Tuas",6.8
"25/8/2018","Tuas",0
"26/8/2018","Tuas",0
"27/8/2018","Tuas",0
"28/8/2018","Tuas",0
"29/8/2018","Tuas",0.2
"30/8/2018","Tuas",0
"31/8/2018","Tuas",21.4
"1/9/2018","Tuas",0
"2/9/2018","Tuas",0.4
"3/9/2018","Tuas",0
"4/9/2018","Tuas",11.6
"5/9/2018","Tuas",0
"6/9/2018","Tuas",0
"7/9/2018","Tuas",2.8
"8/9/2018","Tuas",31
"9/9/2018","Tuas",7.2
"10/9/2018","Tuas",4.8
"11/9/2018","Tuas",0.8
"12/9/2018","Tuas",19
"13/9/2018","Tuas",0
"14/9/2018","Tuas",0
"15/9/2018","Tuas",0
"16/9/2018","Tuas",0
"17/9/2018","Tuas",0
"18/9/2018","Tuas",0
"19/9/2018","Tuas",22.8
"20/9/2018","Tuas",9.4
"21/9/2018","Tuas",2.2
"22/9/2018","Tuas",3.8
"23/9/2018","Tuas",0
"24/9/2018","Tuas",0
"25/9/2018","Tuas",0
"26/9/2018","Tuas",0
"27/9/2018","Tuas",0
"28/9/2018","Tuas",0
"29/9/2018","Tuas",0
"30/9/2018","Tuas",0
"1/10/2018","Tuas",0
"2/10/2018","Tuas",0
"3/10/2018","Tuas",0
"4/10/2018","Tuas",0
"5/10/2018","Tuas",0
"6/10/2018","Tuas",23.8
"7/10/2018","Tuas",3.4
"8/10/2018","Tuas",15.8
"9/10/2018","Tuas",9.2
"10/10/2018","Tuas",13.6
"11/10/2018","Tuas",16.2
"12/10/2018","Tuas",2.6
"13/10/2018","Tuas",22
"14/10/2018","Tuas",57.8
"15/10/2018","Tuas",0
"16/10/2018","Tuas",7.2
"17/10/2018","Tuas",0
"18/10/2018","Tuas",24
"19/10/2018","Tuas",6.8
"20/10/2018","Tuas",0
"21/10/2018","Tuas",0.6
"22/10/2018","Tuas",3.2
"23/10/2018","Tuas",11.4
"24/10/2018","Tuas",0
"25/10/2018","Tuas",4.4
"26/10/2018","Tuas",60.8
"27/10/2018","Tuas",9.6
"28/10/2018","Tuas",0
"29/10/2018","Tuas",15.8
"30/10/2018","Tuas",6
"31/10/2018","Tuas",1.2
"1/11/2018","Tuas",5.6
"2/11/2018","Tuas",0
"3/11/2018","Tuas",10.2
"4/11/2018","Tuas",29
"5/11/2018","Tuas",5.4
"6/11/2018","Tuas",2
"7/11/2018","Tuas",3.2
"8/11/2018","Tuas",18.4
"9/11/2018","Tuas",11.8
"10/11/2018","Tuas",11
"11/11/2018","Tuas",44.4
"12/11/2018","Tuas",2.6
"13/11/2018","Tuas",0.2
"14/11/2018","Tuas",16.2
"15/11/2018","Tuas",31.8
"16/11/2018","Tuas",0
"17/11/2018","Tuas",19.2
"18/11/2018","Tuas",2
"19/11/2018","Tuas",0.4
"20/11/2018","Tuas",1.8
"21/11/2018","Tuas",57
"22/11/2018","Tuas",20
"23/11/2018","Tuas",3
"24/11/2018","Tuas",0.6
"25/11/2018","Tuas",0
"26/11/2018","Tuas",11.6
"27/11/2018","Tuas",17.6
"28/11/2018","Tuas",1.4
"29/11/2018","Tuas",3
"30/11/2018","Tuas",2.4
"1/12/2018","Tuas",4.2
"2/12/2018","Tuas",24.4
"3/12/2018","Tuas",24.6
"4/12/2018","Tuas",0
"5/12/2018","Tuas",48.4
"6/12/2018","Tuas",32.2
"7/12/2018","Tuas",9
"8/12/2018","Tuas",52
"9/12/2018","Tuas",24.2
"10/12/2018","Tuas",16
"11/12/2018","Tuas",31
"12/12/2018","Tuas",16.8
"13/12/2018","Tuas",0.2
"14/12/2018","Tuas",0
"15/12/2018","Tuas",40
"16/12/2018","Tuas",0.6
"17/12/2018","Tuas",0
"18/12/2018","Tuas",0.2
"19/12/2018","Tuas",0
"20/12/2018","Tuas",0.4
"21/12/2018","Tuas",0.4
"22/12/2018","Tuas",3.6
"23/12/2018","Tuas",0
"24/12/2018","Tuas",0
"25/12/2018","Tuas",0.2
"26/12/2018","Tuas",0.6
"27/12/2018","Tuas",0
"28/12/2018","Tuas",0
"29/12/2018","Tuas",1.2
"30/12/2018","Tuas",0
"31/12/2018","Tuas",9.8
"1/1/2019","Tuas",44.6
"2/1/2019","Tuas",0
"3/1/2019","Tuas",0.2
"4/1/2019","Tuas",0
"5/1/2019","Tuas",0
"6/1/2019","Tuas",0
"7/1/2019","Tuas",0
"8/1/2019","Tuas",22
"9/1/2019","Tuas",0
"10/1/2019","Tuas",0
"11/1/2019","Tuas",0
"12/1/2019","Tuas",0
"13/1/2019","Tuas",47
"14/1/2019","Tuas",0
"15/1/2019","Tuas",0
"16/1/2019","Tuas",0
"17/1/2019","Tuas",6.4
"18/1/2019","Tuas",21
"19/1/2019","Tuas",0
"20/1/2019","Tuas",4.6
"21/1/2019","Tuas",0
"22/1/2019","Tuas",0
"23/1/2019","Tuas",0
"24/1/2019","Tuas",0
"25/1/2019","Tuas",0.2
"26/1/2019","Tuas",0
"27/1/2019","Tuas",0
"28/1/2019","Tuas",0.2
"29/1/2019","Tuas",0
"30/1/2019","Tuas",0
"31/1/2019","Tuas",0
"1/2/2019","Tuas",0
"2/2/2019","Tuas",0
"3/2/2019","Tuas",0.2
"4/2/2019","Tuas",22.2
"5/2/2019","Tuas",0
"6/2/2019","Tuas",0
"7/2/2019","Tuas",0
"8/2/2019","Tuas",0
"9/2/2019","Tuas",0.6
"10/2/2019","Tuas",7.2
"11/2/2019","Tuas",0
"12/2/2019","Tuas",0
"13/2/2019","Tuas",0
"14/2/2019","Tuas",0
"15/2/2019","Tuas",0
"16/2/2019","Tuas",0
"17/2/2019","Tuas",0
"18/2/2019","Tuas",8.8
"19/2/2019","Tuas",10
"20/2/2019","Tuas",29.6
"21/2/2019","Tuas",0
"22/2/2019","Tuas",8.6
"23/2/2019","Tuas",0.6
"24/2/2019","Tuas",0
"25/2/2019","Tuas",0
"26/2/2019","Tuas",0
"27/2/2019","Tuas",0
"28/2/2019","Tuas",0
"1/3/2019","Tuas",0
"2/3/2019","Tuas",0
"3/3/2019","Tuas",0
"4/3/2019","Tuas",0
"5/3/2019","Tuas",0
"6/3/2019","Tuas",0
"7/3/2019","Tuas",7
"8/3/2019","Tuas",0.2
"9/3/2019","Tuas",7.4
"10/3/2019","Tuas",0
"11/3/2019","Tuas",8.6
"12/3/2019","Tuas",1.2
"13/3/2019","Tuas",6.4
"14/3/2019","Tuas",0
"15/3/2019","Tuas",0
"16/3/2019","Tuas",20.4
"17/3/2019","Tuas",0
"18/3/2019","Tuas",0
"19/3/2019","Tuas",0
"20/3/2019","Tuas",0
"21/3/2019","Tuas",8.8
"22/3/2019","Tuas",0
"23/3/2019","Tuas",0
"24/3/2019","Tuas",6
"25/3/2019","Tuas",6
"26/3/2019","Tuas",0
"27/3/2019","Tuas",0
"28/3/2019","Tuas",43.6
"29/3/2019","Tuas",0
"30/3/2019","Tuas",10
"31/3/2019","Tuas",0
"1/4/2019","Tuas",11.4
"2/4/2019","Tuas",0
"3/4/2019","Tuas",26
"4/4/2019","Tuas",18.2
"5/4/2019","Tuas",0.8
"6/4/2019","Tuas",0
"7/4/2019","Tuas",0
"8/4/2019","Tuas",2
"9/4/2019","Tuas",4.8
"10/4/2019","Tuas",0
"11/4/2019","Tuas",5.8
"12/4/2019","Tuas",0
"13/4/2019","Tuas",0
"14/4/2019","Tuas",75.6
"15/4/2019","Tuas",0
"16/4/2019","Tuas",5.2
"17/4/2019","Tuas",0
"18/4/2019","Tuas",3
"19/4/2019","Tuas",0
"20/4/2019","Tuas",5
"21/4/2019","Tuas",5
"22/4/2019","Tuas",0.4
"23/4/2019","Tuas",35
"24/4/2019","Tuas",0.2
"25/4/2019","Tuas",1
"26/4/2019","Tuas",24.6
"27/4/2019","Tuas",11.6
"28/4/2019","Tuas",0
"29/4/2019","Tuas",2.4
"30/4/2019","Tuas",0
"1/5/2019","Tuas",0
"2/5/2019","Tuas",0
"3/5/2019","Tuas",0.2
"4/5/2019","Tuas",40
"5/5/2019","Tuas",3.6
"6/5/2019","Tuas",0
"7/5/2019","Tuas",0
"8/5/2019","Tuas",59.2
"9/5/2019","Tuas",0.4
"10/5/2019","Tuas",9.2
"11/5/2019","Tuas",2
"12/5/2019","Tuas",0
"13/5/2019","Tuas",6.8
"14/5/2019","Tuas",1.4
"15/5/2019","Tuas",32.4
"16/5/2019","Tuas",30.4
"17/5/2019","Tuas",1.6
"18/5/2019","Tuas",0
"19/5/2019","Tuas",5
"20/5/2019","Tuas",0.2
"21/5/2019","Tuas",20.8
"22/5/2019","Tuas",14.4
"23/5/2019","Tuas",1
"24/5/2019","Tuas",0
"25/5/2019","Tuas",0
"26/5/2019","Tuas",0
"27/5/2019","Tuas",0
"28/5/2019","Tuas",0
"29/5/2019","Tuas",19
"30/5/2019","Tuas",21.2
"31/5/2019","Tuas",6.8
"1/6/2019","Tuas",0
"2/6/2019","Tuas",25.6
"3/6/2019","Tuas",5.4
"4/6/2019","Tuas",48
"5/6/2019","Tuas",0
"6/6/2019","Tuas",29.6
"7/6/2019","Tuas",4.8
"8/6/2019","Tuas",3
"9/6/2019","Tuas",3.8
"10/6/2019","Tuas",0
"11/6/2019","Tuas",18.4
"12/6/2019","Tuas",13.6
"13/6/2019","Tuas",0.4
"14/6/2019","Tuas",1
"15/6/2019","Tuas",3.4
"16/6/2019","Tuas",0
"17/6/2019","Tuas",0
"18/6/2019","Tuas",67.8
"19/6/2019","Tuas",7.2
"20/6/2019","Tuas",13.6
"21/6/2019","Tuas",5
"22/6/2019","Tuas",25.2
"23/6/2019","Tuas",0
"24/6/2019","Tuas",0
"25/6/2019","Tuas",0
"26/6/2019","Tuas",15.8
"27/6/2019","Tuas",0
"28/6/2019","Tuas",0
"29/6/2019","Tuas",0
"30/6/2019","Tuas",10.4
"1/7/2019","Tuas",0
"2/7/2019","Tuas",0
"3/7/2019","Tuas",0
"4/7/2019","Tuas",3
"5/7/2019","Tuas",0
"6/7/2019","Tuas",0.4
"7/7/2019","Tuas",7
"8/7/2019","Tuas",9.6
"9/7/2019","Tuas",34.6
"10/7/2019","Tuas",0
"11/7/2019","Tuas",0
"12/7/2019","Tuas",0
"13/7/2019","Tuas",0
"14/7/2019","Tuas",0
"15/7/2019","Tuas",6.8
"16/7/2019","Tuas",0
"17/7/2019","Tuas",0
"18/7/2019","Tuas",0
"19/7/2019","Tuas",0
"20/7/2019","Tuas",0
"21/7/2019","Tuas",0
"22/7/2019","Tuas",0.8
"23/7/2019","Tuas",14.2
"24/7/2019","Tuas",0.4
"25/7/2019","Tuas",0
"26/7/2019","Tuas",0
"27/7/2019","Tuas",0
"28/7/2019","Tuas",0
"29/7/2019","Tuas",0
"30/7/2019","Tuas",0
"31/7/2019","Tuas",0
"1/8/2019","Tuas",0
"2/8/2019","Tuas",0
"3/8/2019","Tuas",0
"4/8/2019","Tuas",0
"5/8/2019","Tuas",0
"6/8/2019","Tuas",0
"7/8/2019","Tuas",0
"8/8/2019","Tuas",0
"9/8/2019","Tuas",0
"10/8/2019","Tuas",0
"11/8/2019","Tuas",0
"12/8/2019","Tuas",0
"13/8/2019","Tuas",0
"14/8/2019","Tuas",0
"15/8/2019","Tuas",0
"16/8/2019","Tuas",0
"17/8/2019","Tuas",0
"18/8/2019","Tuas",0
"19/8/2019","Tuas",0
"20/8/2019","Tuas",0
"21/8/2019","Tuas",0
"22/8/2019","Tuas",0
"23/8/2019","Tuas",0
"24/8/2019","Tuas",0
"25/8/2019","Tuas",0
"26/8/2019","Tuas",0
"27/8/2019","Tuas",10.8
"28/8/2019","Tuas",0
"29/8/2019","Tuas",0
"30/8/2019","Tuas",6.6
"31/8/2019","Tuas",0
"1/9/2019","Tuas",0
"2/9/2019","Tuas",0
"3/9/2019","Tuas",0
"4/9/2019","Tuas",17
"5/9/2019","Tuas",0
"6/9/2019","Tuas",0
"7/9/2019","Tuas",0
"8/9/2019","Tuas",0
"9/9/2019","Tuas",0
"10/9/2019","Tuas",0
"11/9/2019","Tuas",0
"12/9/2019","Tuas",0
"13/9/2019","Tuas",0
"14/9/2019","Tuas",1.4
"15/9/2019","Tuas",0
"16/9/2019","Tuas",0
"17/9/2019","Tuas",0
"18/9/2019","Tuas",0
"19/9/2019","Tuas",0
"20/9/2019","Tuas",0
"21/9/2019","Tuas",0
"22/9/2019","Tuas",0
"23/9/2019","Tuas",0
"24/9/2019","Tuas",0
"25/9/2019","Tuas",56.4
"26/9/2019","Tuas",0
"27/9/2019","Tuas",0.2
"28/9/2019","Tuas",0
"29/9/2019","Tuas",2.6
"30/9/2019","Tuas",45.4
"1/10/2019","Tuas",1
"2/10/2019","Tuas",2
"3/10/2019","Tuas",0.6
"4/10/2019","Tuas",23
"5/10/2019","Tuas",0
"6/10/2019","Tuas",0
"7/10/2019","Tuas",19
"8/10/2019","Tuas",9.5
"9/10/2019","Tuas",1
"10/10/2019","Tuas",0.4
"11/10/2019","Tuas",0
"12/10/2019","Tuas",13
"13/10/2019","Tuas",2
"14/10/2019","Tuas",1.5
"15/10/2019","Tuas",0
"16/10/2019","Tuas",1.8
"17/10/2019","Tuas",37.6
"18/10/2019","Tuas",10.2
"19/10/2019","Tuas",0
"20/10/2019","Tuas",0.2
"21/10/2019","Tuas",1.8
"22/10/2019","Tuas",74.4
"23/10/2019","Tuas",0.2
"24/10/2019","Tuas",0
"25/10/2019","Tuas",26.4
"26/10/2019","Tuas",17.8
"27/10/2019","Tuas",8.4
"28/10/2019","Tuas",0
"29/10/2019","Tuas",0
"30/10/2019","Tuas",0
"31/10/2019","Tuas",0
"1/11/2019","Tuas",0
"2/11/2019","Tuas",0.4
"3/11/2019","Tuas",15
"4/11/2019","Tuas",0
"5/11/2019","Tuas",0
"6/11/2019","Tuas",0
"7/11/2019","Tuas",0
"8/11/2019","Tuas",14.8
"9/11/2019","Tuas",0
"10/11/2019","Tuas",0.6
"11/11/2019","Tuas",0
"12/11/2019","Tuas",0
"13/11/2019","Tuas",0
"14/11/2019","Tuas",0
"15/11/2019","Tuas",0.8
"16/11/2019","Tuas",0
"17/11/2019","Tuas",0
"18/11/2019","Tuas",28.4
"19/11/2019","Tuas",1.4
"20/11/2019","Tuas",4.2
"21/11/2019","Tuas",0.2
"22/11/2019","Tuas",42
"23/11/2019","Tuas",29
"24/11/2019","Tuas",3.8
"25/11/2019","Tuas",13.6
"26/11/2019","Tuas",6.6
"27/11/2019","Tuas",15
"28/11/2019","Tuas",4.4
"29/11/2019","Tuas",53.2
"30/11/2019","Tuas",31.8
"1/12/2019","Tuas",3.2
"2/12/2019","Tuas",71.6
"3/12/2019","Tuas",0
"4/12/2019","Tuas",0
"5/12/2019","Tuas",0
"6/12/2019","Tuas",3.4
"7/12/2019","Tuas",0
"8/12/2019","Tuas",0
"9/12/2019","Tuas",16.2
"10/12/2019","Tuas",0.2
"11/12/2019","Tuas",47.8
"12/12/2019","Tuas",0.2
"13/12/2019","Tuas",19.6
"14/12/2019","Tuas",24.4
"15/12/2019","Tuas",21.2
"16/12/2019","Tuas",0.2
"17/12/2019","Tuas",4.4
"18/12/2019","Tuas",7.2
"19/12/2019","Tuas",0.8
"20/12/2019","Tuas",0
"21/12/2019","Tuas",10.6
"22/12/2019","Tuas",0
"23/12/2019","Tuas",0
"24/12/2019","Tuas",0
"25/12/2019","Tuas",11.2
"26/12/2019","Tuas",0
"27/12/2019","Tuas",0
"28/12/2019","Tuas",0
"29/12/2019","Tuas",1.2
"30/12/2019","Tuas",0
"31/12/2019","Tuas",0
"1/1/2020","Tuas",0
"2/1/2020","Tuas",0
"3/1/2020","Tuas",2.2
"4/1/2020","Tuas",0.4
"5/1/2020","Tuas",0
"6/1/2020","Tuas",14.6
"7/1/2020","Tuas",4
"8/1/2020","Tuas",5.4
"9/1/2020","Tuas",0.4
"10/1/2020","Tuas",18.6
"11/1/2020","Tuas",0
"12/1/2020","Tuas",1.4
"13/1/2020","Tuas",0
"14/1/2020","Tuas",0
"15/1/2020","Tuas",0
"16/1/2020","Tuas",1.4
"17/1/2020","Tuas",0
"18/1/2020","Tuas",18.8
"19/1/2020","Tuas",0
"20/1/2020","Tuas",25
"21/1/2020","Tuas",9.2
"22/1/2020","Tuas",0
"23/1/2020","Tuas",0
"24/1/2020","Tuas",0
"25/1/2020","Tuas",0
"26/1/2020","Tuas",0.6
"27/1/2020","Tuas",0
"28/1/2020","Tuas",83.6
"29/1/2020","Tuas",109.8
"30/1/2020","Tuas",0
"31/1/2020","Tuas",0
"1/2/2020","Tuas",0
"2/2/2020","Tuas",0
"3/2/2020","Tuas",0
"4/2/2020","Tuas",0
"5/2/2020","Tuas",0
"6/2/2020","Tuas",0
"7/2/2020","Tuas",0
"8/2/2020","Tuas",0
"9/2/2020","Tuas",13.2
"10/2/2020","Tuas",94.4
"11/2/2020","Tuas",3.2
"12/2/2020","Tuas",0.4
"13/2/2020","Tuas",4
"14/2/2020","Tuas",0
"15/2/2020","Tuas",0
"16/2/2020","Tuas",0
"17/2/2020","Tuas",0
"18/2/2020","Tuas",0
"19/2/2020","Tuas",0
"20/2/2020","Tuas",0
"21/2/2020","Tuas",7.4
"22/2/2020","Tuas",0
"23/2/2020","Tuas",0.2
"24/2/2020","Tuas",0.4
"25/2/2020","Tuas",0
"26/2/2020","Tuas",0
"27/2/2020","Tuas",0
"28/2/2020","Tuas",0
"29/2/2020","Tuas",0
"1/3/2020","Tuas",0
"2/3/2020","Tuas",0
"3/3/2020","Tuas",0
"4/3/2020","Tuas",1.4
"5/3/2020","Tuas",74
"6/3/2020","Tuas",0
"7/3/2020","Tuas",11
"8/3/2020","Tuas",0
"9/3/2020","Tuas",0
"10/3/2020","Tuas",0
"11/3/2020","Tuas",0.2
"12/3/2020","Tuas",0
"13/3/2020","Tuas",0
"14/3/2020","Tuas",0
"15/3/2020","Tuas",0
"16/3/2020","Tuas",0
"17/3/2020","Tuas",0
"18/3/2020","Tuas",7.6
"19/3/2020","Tuas",0.2
"20/3/2020","Tuas",0
"21/3/2020","Tuas",42.4
"22/3/2020","Tuas",23.4
"23/3/2020","Tuas",25.8
"24/3/2020","Tuas",0
"25/3/2020","Tuas",37.8
"26/3/2020","Tuas",13.4
"27/3/2020","Tuas",1.4
"28/3/2020","Tuas",0
"29/3/2020","Tuas",0
"30/3/2020","Tuas",0
"31/3/2020","Tuas",0
"1/4/2020","Tuas",0
"2/4/2020","Tuas",4.2
"3/4/2020","Tuas",35.2
"4/4/2020","Tuas",0
"5/4/2020","Tuas",8.6
"6/4/2020","Tuas",0.8
"7/4/2020","Tuas",98.6
"8/4/2020","Tuas",0.6
"9/4/2020","Tuas",0
"10/4/2020","Tuas",0
"11/4/2020","Tuas",0
"12/4/2020","Tuas",39.8
"13/4/2020","Tuas",13.4
"14/4/2020","Tuas",0
"15/4/2020","Tuas",1.4
"16/4/2020","Tuas",0
"17/4/2020","Tuas",0
"18/4/2020","Tuas",12.8
"19/4/2020","Tuas",0
"20/4/2020","Tuas",0
"21/4/2020","Tuas",39.4
"22/4/2020","Tuas",0
"23/4/2020","Tuas",6.4
"24/4/2020","Tuas",40
"25/4/2020","Tuas",10.4
"26/4/2020","Tuas",0.8
"27/4/2020","Tuas",3.8
"28/4/2020","Tuas",0
"29/4/2020","Tuas",22
"30/4/2020","Tuas",29
"1/5/2020","Tuas",11.6
"2/5/2020","Tuas",0
"3/5/2020","Tuas",2.6
"4/5/2020","Tuas",11.4
"5/5/2020","Tuas",0
"6/5/2020","Tuas",7
"7/5/2020","Tuas",0
"8/5/2020","Tuas",20.2
"9/5/2020","Tuas",0
"10/5/2020","Tuas",0.2
"11/5/2020","Tuas",20
"12/5/2020","Tuas",0
"13/5/2020","Tuas",13.2
"14/5/2020","Tuas",0
"15/5/2020","Tuas",0
"16/5/2020","Tuas",0
"17/5/2020","Tuas",48.4
"18/5/2020","Tuas",1.6
"19/5/2020","Tuas",0
"20/5/2020","Tuas",14.2
"21/5/2020","Tuas",0
"22/5/2020","Tuas",73.8
"23/5/2020","Tuas",0.2
"24/5/2020","Tuas",0.8
"25/5/2020","Tuas",9.8
"26/5/2020","Tuas",8.4
"27/5/2020","Tuas",0.6
"28/5/2020","Tuas",4.6
"29/5/2020","Tuas",9.6
"30/5/2020","Tuas",0.6
"31/5/2020","Tuas",0
"1/6/2020","Tuas",8.8
"2/6/2020","Tuas",1.4
"3/6/2020","Tuas",39.2
"4/6/2020","Tuas",60.6
"5/6/2020","Tuas",8
"6/6/2020","Tuas",3.4
"7/6/2020","Tuas",0.8
"8/6/2020","Tuas",0
"9/6/2020","Tuas",0
"10/6/2020","Tuas",12.8
"11/6/2020","Tuas",34.8
"12/6/2020","Tuas",32.6
"13/6/2020","Tuas",18
"14/6/2020","Tuas",0
"15/6/2020","Tuas",2.6
"16/6/2020","Tuas",28.8
"17/6/2020","Tuas",5.8
"18/6/2020","Tuas",0.4
"19/6/2020","Tuas",1.4
"20/6/2020","Tuas",64
"21/6/2020","Tuas",49
"22/6/2020","Tuas",7.4
"23/6/2020","Tuas",98.8
"24/6/2020","Tuas",19
"25/6/2020","Tuas",0
"26/6/2020","Tuas",0
"27/6/2020","Tuas",0
"28/6/2020","Tuas",0.2
"29/6/2020","Tuas",0
"30/6/2020","Tuas",0
"1/7/2020","Tuas",0
"2/7/2020","Tuas",0
"3/7/2020","Tuas",0
"4/7/2020","Tuas",85.2
"5/7/2020","Tuas",50.4
"6/7/2020","Tuas",4.6
"7/7/2020","Tuas",55.2
"8/7/2020","Tuas",4.8
"9/7/2020","Tuas",29.8
"10/7/2020","Tuas",0
"11/7/2020","Tuas",3.2
"12/7/2020","Tuas",15.8
"13/7/2020","Tuas",30.4
"14/7/2020","Tuas",0
"15/7/2020","Tuas",0
"16/7/2020","Tuas",0
"17/7/2020","Tuas",0
"18/7/2020","Tuas",0
"19/7/2020","Tuas",0
"20/7/2020","Tuas",0
"21/7/2020","Tuas",0
"22/7/2020","Tuas",78.4
"23/7/2020","Tuas",1.4
"24/7/2020","Tuas",27.4
"25/7/2020","Tuas",5.8
"26/7/2020","Tuas",0.4
"27/7/2020","Tuas",31.4
"28/7/2020","Tuas",0.8
"29/7/2020","Tuas",14.8
"30/7/2020","Tuas",0
"31/7/2020","Tuas",16.2
"1/8/2020","Tuas",0
"2/8/2020","Tuas",0
"3/8/2020","Tuas",0
"4/8/2020","Tuas",5.4
"5/8/2020","Tuas",0
"6/8/2020","Tuas",0
"7/8/2020","Tuas",0
"8/8/2020","Tuas",0
"9/8/2020","Tuas",0
"10/8/2020","Tuas",0
"11/8/2020","Tuas",0
"12/8/2020","Tuas",21.2
"13/8/2020","Tuas",8.8
"14/8/2020","Tuas",51.6
"15/8/2020","Tuas",19.6
"16/8/2020","Tuas",0.8
"17/8/2020","Tuas",43
"18/8/2020","Tuas",0
"19/8/2020","Tuas",0
"20/8/2020","Tuas",5
"21/8/2020","Tuas",0
"22/8/2020","Tuas",31.6
"23/8/2020","Tuas",21.6
"24/8/2020","Tuas",0.2
"25/8/2020","Tuas",0
"26/8/2020","Tuas",2.6
"27/8/2020","Tuas",0
"28/8/2020","Tuas",0
"29/8/2020","Tuas",1
"30/8/2020","Tuas",0
"31/8/2020","Tuas",0
"1/9/2020","Tuas",0
"2/9/2020","Tuas",1.4
"3/9/2020","Tuas",3.6
"4/9/2020","Tuas",1.4
"5/9/2020","Tuas",21.6
"6/9/2020","Tuas",6.2
"7/9/2020","Tuas",0
"8/9/2020","Tuas",0.2
"9/9/2020","Tuas",6.2
"10/9/2020","Tuas",84.4
"11/9/2020","Tuas",23.8
"12/9/2020","Tuas",15.2
"13/9/2020","Tuas",20.8
"14/9/2020","Tuas",0.8
"15/9/2020","Tuas",0
"16/9/2020","Tuas",7
"17/9/2020","Tuas",0.6
"18/9/2020","Tuas",0
"19/9/2020","Tuas",8
"20/9/2020","Tuas",5.4
"21/9/2020","Tuas",1.6
"22/9/2020","Tuas",0
"23/9/2020","Tuas",0
"24/9/2020","Tuas",6
"25/9/2020","Tuas",73.8
"26/9/2020","Tuas",55.2
"27/9/2020","Tuas",7.6
"28/9/2020","Tuas",0
"29/9/2020","Tuas",7
"30/9/2020","Tuas",3.2
"1/10/2020","Tuas",2.6
"2/10/2020","Tuas",58.6
"3/10/2020","Tuas",5.6
"4/10/2020","Tuas",0
"5/10/2020","Tuas",0
"6/10/2020","Tuas",0
"7/10/2020","Tuas",15.8
"8/10/2020","Tuas",45
"9/10/2020","Tuas",0
"10/10/2020","Tuas",6.8
"11/10/2020","Tuas",10.2
"12/10/2020","Tuas",0
"13/10/2020","Tuas",0
"14/10/2020","Tuas",16.6
"15/10/2020","Tuas",1.4
"16/10/2020","Tuas",1.2
"17/10/2020","Tuas",0
"18/10/2020","Tuas",9.2
"19/10/2020","Tuas",1.2
"20/10/2020","Tuas",10.2
"21/10/2020","Tuas",8.2
"22/10/2020","Tuas",33.8
"23/10/2020","Tuas",0
"24/10/2020","Tuas",3.8
"25/10/2020","Tuas",15.8
"26/10/2020","Tuas",2.4
"27/10/2020","Tuas",0
"28/10/2020","Tuas",3
"29/10/2020","Tuas",0
"30/10/2020","Tuas",0
"31/10/2020","Tuas",36
"1/11/2020","Tuas",0.2
"2/11/2020","Tuas",0
"3/11/2020","Tuas",6.8
"4/11/2020","Tuas",43.2
"5/11/2020","Tuas",0
"6/11/2020","Tuas",0
"7/11/2020","Tuas",12
"8/11/2020","Tuas",2.6
"9/11/2020","Tuas",1.4
"10/11/2020","Tuas",2.4
"11/11/2020","Tuas",0
"12/11/2020","Tuas",0
"13/11/2020","Tuas",4.8
"14/11/2020","Tuas",0.2
"15/11/2020","Tuas",31
"16/11/2020","Tuas",5.4
"17/11/2020","Tuas",18.2
"18/11/2020","Tuas",0.2
"19/11/2020","Tuas",22.6
"20/11/2020","Tuas",43.4
"21/11/2020","Tuas",16.6
"22/11/2020","Tuas",10.2
"23/11/2020","Tuas",20.2
"24/11/2020","Tuas",0
"25/11/2020","Tuas",1
"26/11/2020","Tuas",2.6
"27/11/2020","Tuas",2.8
"28/11/2020","Tuas",0.8
"29/11/2020","Tuas",0
"30/11/2020","Tuas",6
"1/12/2020","Tuas",0.8
"2/12/2020","Tuas",6.2
"3/12/2020","Tuas",0
"4/12/2020","Tuas",9.4
"5/12/2020","Tuas",22.8
"6/12/2020","Tuas",9.4
"7/12/2020","Tuas",0.2
"8/12/2020","Tuas",3
"9/12/2020","Tuas",2
"10/12/2020","Tuas",0
"11/12/2020","Tuas",0
"12/12/2020","Tuas",1.2
"13/12/2020","Tuas",0.4
"14/12/2020","Tuas",22.8
"15/12/2020","Tuas",37.6
"16/12/2020","Tuas",18.8
"17/12/2020","Tuas",34.4
"18/12/2020","Tuas",7.2
"19/12/2020","Tuas",0
"20/12/2020","Tuas",2
"21/12/2020","Tuas",0
"22/12/2020","Tuas",0.4
"23/12/2020","Tuas",0
"24/12/2020","Tuas",0
"25/12/2020","Tuas",0
"26/12/2020","Tuas",99.8
"27/12/2020","Tuas",0.2
"28/12/2020","Tuas",21
"29/12/2020","Tuas",0.2
"30/12/2020","Tuas",9.4
"31/12/2020","Tuas",57.2
"1/1/2021","Tuas",37.2
"2/1/2021","Tuas",88.2
"3/1/2021","Tuas",1.2
"4/1/2021","Tuas",0
"5/1/2021","Tuas",1
"6/1/2021","Tuas",0
"7/1/2021","Tuas",0
"8/1/2021","Tuas",0
"9/1/2021","Tuas",24.8
"10/1/2021","Tuas",55.2
"11/1/2021","Tuas",3.2
"12/1/2021","Tuas",9.8
"13/1/2021","Tuas",4
"14/1/2021","Tuas",0
"15/1/2021","Tuas",0
"16/1/2021","Tuas",0
"17/1/2021","Tuas",0
"18/1/2021","Tuas",0
"19/1/2021","Tuas",0
"20/1/2021","Tuas",0
"21/1/2021","Tuas",4.6
"22/1/2021","Tuas",0
"23/1/2021","Tuas",2.8
"24/1/2021","Tuas",4.6
"25/1/2021","Tuas",0
"26/1/2021","Tuas",0
"27/1/2021","Tuas",3
"28/1/2021","Tuas",0.8
"29/1/2021","Tuas",0
"30/1/2021","Tuas",0
"31/1/2021","Tuas",0
"1/2/2021","Tuas",0
"2/2/2021","Tuas",0
"3/2/2021","Tuas",0
"4/2/2021","Tuas",0
"5/2/2021","Tuas",0
"6/2/2021","Tuas",0
"7/2/2021","Tuas",0
"8/2/2021","Tuas",0.2
"9/2/2021","Tuas",0
"10/2/2021","Tuas",1.2
"11/2/2021","Tuas",1.2
"12/2/2021","Tuas",5.4
"13/2/2021","Tuas",12
"14/2/2021","Tuas",14
"15/2/2021","Tuas",0
"16/2/2021","Tuas",0
"17/2/2021","Tuas",0
"18/2/2021","Tuas",0
"19/2/2021","Tuas",0
"20/2/2021","Tuas",0
"21/2/2021","Tuas",0
"22/2/2021","Tuas",0
"23/2/2021","Tuas",0
"24/2/2021","Tuas",4.2
"25/2/2021","Tuas",0
"26/2/2021","Tuas",0
"27/2/2021","Tuas",0
"28/2/2021","Tuas",0
"1/3/2021","Tuas",0
"2/3/2021","Tuas",0
"3/3/2021","Tuas",0
"4/3/2021","Tuas",0
"5/3/2021","Tuas",0
"6/3/2021","Tuas",0
"7/3/2021","Tuas",23.6
"8/3/2021","Tuas",0.6
"9/3/2021","Tuas",0
"10/3/2021","Tuas",0
"11/3/2021","Tuas",0
"12/3/2021","Tuas",8.2
"13/3/2021","Tuas",31
"14/3/2021","Tuas",0
"15/3/2021","Tuas",1.6
"16/3/2021","Tuas",15.4
"17/3/2021","Tuas",0.2
"18/3/2021","Tuas",7.4
"19/3/2021","Tuas",0
"20/3/2021","Tuas",3.4
"21/3/2021","Tuas",14.6
"22/3/2021","Tuas",0
"23/3/2021","Tuas",134.4
"24/3/2021","Tuas",8.2
"25/3/2021","Tuas",0
"26/3/2021","Tuas",0
"27/3/2021","Tuas",8
"28/3/2021","Tuas",2.6
"29/3/2021","Tuas",9.2
"30/3/2021","Tuas",0
"31/3/2021","Tuas",54.8
"1/4/2021","Tuas",0
"2/4/2021","Tuas",0
"3/4/2021","Tuas",51
"4/4/2021","Tuas",22
"5/4/2021","Tuas",27.4
"6/4/2021","Tuas",5.2
"7/4/2021","Tuas",0.4
"8/4/2021","Tuas",3.8
"9/4/2021","Tuas",2.6
"10/4/2021","Tuas",0
"11/4/2021","Tuas",0
"12/4/2021","Tuas",3.6
"13/4/2021","Tuas",0
"14/4/2021","Tuas",0
"15/4/2021","Tuas",0
"16/4/2021","Tuas",0.2
"17/4/2021","Tuas",124
"18/4/2021","Tuas",0
"19/4/2021","Tuas",0
"20/4/2021","Tuas",0
"21/4/2021","Tuas",11.6
"22/4/2021","Tuas",1.6
"23/4/2021","Tuas",5
"24/4/2021","Tuas",7.2
"25/4/2021","Tuas",0
"26/4/2021","Tuas",55
"27/4/2021","Tuas",0.4
"28/4/2021","Tuas",0
"29/4/2021","Tuas",0
"30/4/2021","Tuas",14.8
"1/5/2021","Tuas",8.8
"2/5/2021","Tuas",0
"3/5/2021","Tuas",0
"4/5/2021","Tuas",17
"5/5/2021","Tuas",6.8
"6/5/2021","Tuas",1.4
"7/5/2021","Tuas",18.4
"8/5/2021","Tuas",0.6
"9/5/2021","Tuas",0
"10/5/2021","Tuas",0
"11/5/2021","Tuas",32.8
"12/5/2021","Tuas",27.8
"13/5/2021","Tuas",0.4
"14/5/2021","Tuas",1.6
"15/5/2021","Tuas",37.2
"16/5/2021","Tuas",0
"17/5/2021","Tuas",103.8
"18/5/2021","Tuas",8.2
"19/5/2021","Tuas",0
"20/5/2021","Tuas",0
"21/5/2021","Tuas",3.6
"22/5/2021","Tuas",2.4
"23/5/2021","Tuas",0
"24/5/2021","Tuas",4.2
"25/5/2021","Tuas",0
"26/5/2021","Tuas",0
"27/5/2021","Tuas",10.6
"28/5/2021","Tuas",0
"29/5/2021","Tuas",48.4
"30/5/2021","Tuas",0
"31/5/2021","Tuas",6.6
"1/6/2021","Tuas",0
"2/6/2021","Tuas",1.8
"3/6/2021","Tuas",0
"4/6/2021","Tuas",0
"5/6/2021","Tuas",0
"6/6/2021","Tuas",0
"7/6/2021","Tuas",0
"8/6/2021","Tuas",0.6
"9/6/2021","Tuas",1.4
"10/6/2021","Tuas",14.6
"11/6/2021","Tuas",0
"12/6/2021","Tuas",0
"13/6/2021","Tuas",28.6
"14/6/2021","Tuas",2
"15/6/2021","Tuas",53
"16/6/2021","Tuas",0
"17/6/2021","Tuas",0
"18/6/2021","Tuas",17.8
"19/6/2021","Tuas",0.2
"20/6/2021","Tuas",17.2
"21/6/2021","Tuas",0
"22/6/2021","Tuas",3.6
"23/6/2021","Tuas",0
"24/6/2021","Tuas",0.6
"25/6/2021","Tuas",0.2
"26/6/2021","Tuas",4.8
"27/6/2021","Tuas",7
"28/6/2021","Tuas",0
"29/6/2021","Tuas",42.8
"30/6/2021","Tuas",0
"1/7/2021","Tuas",2.4
"2/7/2021","Tuas",0
"3/7/2021","Tuas",0
"4/7/2021","Tuas",4.6
"5/7/2021","Tuas",12.6
"6/7/2021","Tuas",0
"7/7/2021","Tuas",0
"8/7/2021","Tuas",0
"9/7/2021","Tuas",25.8
"10/7/2021","Tuas",3.2
"11/7/2021","Tuas",7.8
"12/7/2021","Tuas",48.4
"13/7/2021","Tuas",20
"14/7/2021","Tuas",0.2
"15/7/2021","Tuas",0
"16/7/2021","Tuas",0
"17/7/2021","Tuas",0
"18/7/2021","Tuas",0
"19/7/2021","Tuas",0
"20/7/2021","Tuas",0
"21/7/2021","Tuas",0
"22/7/2021","Tuas",0
"23/7/2021","Tuas",0.4
"24/7/2021","Tuas",0
"25/7/2021","Tuas",0
"26/7/2021","Tuas",0
"27/7/2021","Tuas",0
"28/7/2021","Tuas",0
"29/7/2021","Tuas",0
"30/7/2021","Tuas",0
"31/7/2021","Tuas",9.4
"1/8/2021","Tuas",60.8
"2/8/2021","Tuas",5.2
"3/8/2021","Tuas",13.2
"4/8/2021","Tuas",1.2
"5/8/2021","Tuas",0
"6/8/2021","Tuas",0
"7/8/2021","Tuas",0
"8/8/2021","Tuas",13.6
"9/8/2021","Tuas",0
"10/8/2021","Tuas",0
"11/8/2021","Tuas",0.2
"12/8/2021","Tuas",4.8
"13/8/2021","Tuas",0.2
"14/8/2021","Tuas",23.8
"15/8/2021","Tuas",35.4
"16/8/2021","Tuas",0.6
"17/8/2021","Tuas",29.8
"18/8/2021","Tuas",0
"19/8/2021","Tuas",40.4
"20/8/2021","Tuas",7.4
"21/8/2021","Tuas",0
"22/8/2021","Tuas",1.4
"23/8/2021","Tuas",0
"24/8/2021","Tuas",15.4
"25/8/2021","Tuas",2
"26/8/2021","Tuas",0
"27/8/2021","Tuas",0
"28/8/2021","Tuas",0
"29/8/2021","Tuas",1.8
"30/8/2021","Tuas",42.6
"31/8/2021","Tuas",14.6
"1/9/2021","Tuas",1.4
"2/9/2021","Tuas",21.4
"3/9/2021","Tuas",0
"4/9/2021","Tuas",3.6
"5/9/2021","Tuas",0
"6/9/2021","Tuas",36
"7/9/2021","Tuas",0
"8/9/2021","Tuas",11.4
"9/9/2021","Tuas",0
"10/9/2021","Tuas",45.4
"11/9/2021","Tuas",0
"12/9/2021","Tuas",0
"13/9/2021","Tuas",3.6
"14/9/2021","Tuas",0.4
"15/9/2021","Tuas",0
"16/9/2021","Tuas",0
"17/9/2021","Tuas",0
"18/9/2021","Tuas",0
"19/9/2021","Tuas",61
"20/9/2021","Tuas",0
"21/9/2021","Tuas",15.4
"22/9/2021","Tuas",17.4
"23/9/2021","Tuas",22.8
"24/9/2021","Tuas",0
"25/9/2021","Tuas",0
"26/9/2021","Tuas",4.8
"27/9/2021","Tuas",4.2
"28/9/2021","Tuas",24.4
"29/9/2021","Tuas",0
"30/9/2021","Tuas",5
"1/10/2021","Tuas",21.6
"2/10/2021","Tuas",1.6
"3/10/2021","Tuas",0.4
"4/10/2021","Tuas",0
"5/10/2021","Tuas",2
"6/10/2021","Tuas",0
"7/10/2021","Tuas",0
"8/10/2021","Tuas",0
"9/10/2021","Tuas",0
"10/10/2021","Tuas",15.6
"11/10/2021","Tuas",0
"12/10/2021","Tuas",0
"13/10/2021","Tuas",0
"14/10/2021","Tuas",0
"15/10/2021","Tuas",0
"16/10/2021","Tuas",0.8
"17/10/2021","Tuas",16
"18/10/2021","Tuas",1
"19/10/2021","Tuas",0
"20/10/2021","Tuas",15.2
"21/10/2021","Tuas",0
"22/10/2021","Tuas",0
"23/10/2021","Tuas",9
"24/10/2021","Tuas",0
"25/10/2021","Tuas",0
"26/10/2021","Tuas",0
"27/10/2021","Tuas",37.4
"28/10/2021","Tuas",51.6
"29/10/2021","Tuas",0
"30/10/2021","Tuas",0.2
"31/10/2021","Tuas",10.4
"1/11/2021","Tuas",22.6
"2/11/2021","Tuas",59.2
"3/11/2021","Tuas",3.6
"4/11/2021","Tuas",11.2
"5/11/2021","Tuas",2
"6/11/2021","Tuas",0
"7/11/2021","Tuas",1.2
"8/11/2021","Tuas",0
"9/11/2021","Tuas",7.8
"10/11/2021","Tuas",9.2
"11/11/2021","Tuas",0.6
"12/11/2021","Tuas",7.2
"13/11/2021","Tuas",10.8
"14/11/2021","Tuas",0.2
"15/11/2021","Tuas",0
"16/11/2021","Tuas",0
"17/11/2021","Tuas",0
"18/11/2021","Tuas",24
"19/11/2021","Tuas",0
"20/11/2021","Tuas",14
"21/11/2021","Tuas",0
"22/11/2021","Tuas",3.6
"23/11/2021","Tuas",5.8
"24/11/2021","Tuas",4.6
"25/11/2021","Tuas",0
"26/11/2021","Tuas",0
"27/11/2021","Tuas",0
"28/11/2021","Tuas",0
"29/11/2021","Tuas",0.2
"30/11/2021","Tuas",0
"1/12/2021","Tuas",0
"2/12/2021","Tuas",2
"3/12/2021","Tuas",0
"4/12/2021","Tuas",0
"5/12/2021","Tuas",0
"6/12/2021","Tuas",0
"7/12/2021","Tuas",0
"8/12/2021","Tuas",0
"9/12/2021","Tuas",0
"10/12/2021","Tuas",23.6
"11/12/2021","Tuas",33.8
"12/12/2021","Tuas",0
"13/12/2021","Tuas",0
"14/12/2021","Tuas",0.2
"15/12/2021","Tuas",0
"16/12/2021","Tuas",5.4
"17/12/2021","Tuas",19.6
"18/12/2021","Tuas",11.2
"19/12/2021","Tuas",16.4
"20/12/2021","Tuas",0
"21/12/2021","Tuas",0
"22/12/2021","Tuas",0.4
"23/12/2021","Tuas",0.6
"24/12/2021","Tuas",5.6
"25/12/2021","Tuas",12
"26/12/2021","Tuas",44.6
"27/12/2021","Tuas",0
"28/12/2021","Tuas",0
"29/12/2021","Tuas",0.4
"30/12/2021","Tuas",24
"31/12/2021","Tuas",18.8
"1/1/2022","Tuas",13
